{
	"neutral": {
		"all_labels": {
			"figurativeness": 0.3548170379860045,
			"binary_labels": -0.37608119472912405,
			"visual": 0.07284575361240592,
			"auditory": -0.05443573355053647,
			"imageability": -0.38327432697533464,
			"familiarity": -0.4606058178469236,
			"naturalness": -0.4810035014232633,
			"valencePos": -0.036982992524125846,
			"valenceRT": 0.16002718217658568,
			"avg-conc": -0.1374263938436052,
			"noun2-conc": 0.04663552401485644,
			"noun2-count": -0.16064555754809579
		},
		"metaphors": {
			"figurativeness": -0.06344981975068383,
			"visual": 0.05072517182969619,
			"auditory": -0.07149487602531879,
			"interpretability": -0.159882265997069,
			"imageability": -0.2852307770415251,
			"familiarity": -0.28423716939905574,
			"naturalness": -0.26045684567451005,
			"valencePos": -0.09843390260435335,
			"valenceRT": 0.16452710615234056,
			"avg-conc": -0.1820897413453757,
			"noun2-conc": -0.01403406593888193,
			"noun2-count": -0.21839662398174434
		},
		"literals": {
			"figurativeness": 0.21529446717041914,
			"visual": 0.08361765956441698,
			"auditory": -0.027792598451079464,
			"imageability": -0.13277454243858783,
			"familiarity": -0.355152811775245,
			"naturalness": -0.40545608827049173,
			"valencePos": -0.07370451365363859,
			"valenceRT": 0.04529659427304308,
			"avg-conc": -0.03153981491368737,
			"noun2-conc": 0.11589421298166326,
			"noun2-count": -0.14304462288030106
		},
		"sets": {
			"figurativeness": -0.05261052877294436,
			"imageability": -0.1716613495987223,
			"familiarity": -0.2597787659473222,
			"naturalness": -0.2483309081381419,
			"avg-conc": -0.08615390500006825
		}
	}
}