{
	"neutral": {
		"all_labels": {
			"figurativeness": 0.3691229486526607,
			"binary_labels": -0.3862787908254717,
			"visual": 0.06428174566444357,
			"auditory": -0.06053755709385305,
			"imageability": -0.39446966104126185,
			"familiarity": -0.47493171233503634,
			"naturalness": -0.49731940101924593,
			"valencePos": -0.08982090662453646,
			"valenceRT": 0.15958949368558673,
			"avg-conc": -0.15304530862746762,
			"noun2-conc": 0.05131216916211649,
			"noun2-count": -0.18411664599986438
		},
		"metaphors": {
			"figurativeness": -0.013077962514218952,
			"visual": 0.03356240418012915,
			"auditory": -0.05606562181794821,
			"interpretability": -0.1830982525989289,
			"imageability": -0.32750748448560335,
			"familiarity": -0.32919316145393573,
			"naturalness": -0.31638225319911,
			"valencePos": -0.16303126900369772,
			"valenceRT": 0.17840534579149103,
			"avg-conc": -0.2105158406159958,
			"noun2-conc": -0.006776514336265537,
			"noun2-count": -0.2239779863698738
		},
		"literals": {
			"figurativeness": 0.19683820657936527,
			"visual": 0.10435126624868356,
			"auditory": -0.0701519398534643,
			"imageability": -0.12006871880570306,
			"familiarity": -0.3200315116620444,
			"naturalness": -0.3812439907102953,
			"valencePos": -0.1243607470575838,
			"valenceRT": 0.024367837595600246,
			"avg-conc": -0.02993083576437677,
			"noun2-conc": 0.13506743606584956,
			"noun2-count": -0.1890359563294284
		},
		"sets": {
			"figurativeness": -0.03752008112665679,
			"imageability": -0.17637148525094398,
			"familiarity": -0.3111736159013998,
			"naturalness": -0.30247549479940694,
			"avg-conc": -0.09736063115529339
		}
	}
}