{
	"neutral": {
		"all_labels": {
			"figurativeness": 0.2683232123213505,
			"binary_labels": -0.2718771899461202,
			"visual": 0.013893275181926925,
			"auditory": -0.09866975755630353,
			"imageability": -0.3379837112875493,
			"familiarity": -0.36327341866783713,
			"naturalness": -0.3537782118281617,
			"valencePos": -0.01576029528608679,
			"valenceRT": 0.028720983553143762,
			"avg-conc": -0.1479467210958444,
			"noun2-conc": -0.045198445937352505,
			"noun2-count": 0.15173668203768073
		},
		"metaphors": {
			"figurativeness": -0.004025149607368766,
			"visual": 0.09657098937570878,
			"auditory": -0.19429823432153523,
			"interpretability": -0.08648034356975055,
			"imageability": -0.23412144411188646,
			"familiarity": -0.19555356295527523,
			"naturalness": -0.21824009502031624,
			"valencePos": -0.07009933144834779,
			"valenceRT": 0.005919967609343336,
			"avg-conc": -0.10614312201012235,
			"noun2-conc": 0.01853783328139249,
			"noun2-count": 0.0739473597145164
		},
		"literals": {
			"figurativeness": 0.16314903960326518,
			"visual": -0.0771346052110472,
			"auditory": -0.017677665679450328,
			"imageability": -0.24141336870422242,
			"familiarity": -0.2989319048850806,
			"naturalness": -0.2459145360397723,
			"valencePos": -0.011775333390002567,
			"valenceRT": -0.031328811701961966,
			"avg-conc": -0.1569102558110409,
			"noun2-conc": -0.11406057208917128,
			"noun2-count": 0.24434485164053246
		},
		"sets": {
			"figurativeness": 0.07190128359310301,
			"imageability": -0.29087963849676085,
			"familiarity": -0.25855556674318886,
			"naturalness": -0.2862137862287,
			"avg-conc": -0.08198692966114972
		}
	}
}