{
	"neutral": {
		"all_labels": {
			"figurativeness": 0.18630719884034125,
			"binary_labels": -0.18669644885008999,
			"visual": 0.07867996067621291,
			"auditory": -0.13067078001913615,
			"imageability": -0.23601458522771548,
			"familiarity": -0.31842294254923476,
			"naturalness": -0.3069198904929055,
			"valencePos": -0.03508215683626023,
			"valenceRT": 0.022554201209277636,
			"avg-conc": -0.10329929520856486,
			"noun2-conc": 0.005822676034313743,
			"noun2-count": 0.15050991092817223
		},
		"metaphors": {
			"figurativeness": 0.011167964262048208,
			"visual": 0.12556759735028508,
			"auditory": -0.22312244006044563,
			"interpretability": -0.11719451312726423,
			"imageability": -0.22268454214812633,
			"familiarity": -0.21940950215216323,
			"naturalness": -0.21306768443837007,
			"valencePos": -0.08584354602199876,
			"valenceRT": 0.013485446014521627,
			"avg-conc": -0.10213269621901296,
			"noun2-conc": 0.03884612016716101,
			"noun2-count": 0.06210381844720674
		},
		"literals": {
			"figurativeness": 0.1066637871570352,
			"visual": 0.03341747268995317,
			"auditory": -0.044119146885148286,
			"imageability": -0.12005701481506421,
			"familiarity": -0.2858578147843466,
			"naturalness": -0.26565963673570336,
			"valencePos": -0.013233985635495004,
			"valenceRT": -0.02671938796433777,
			"avg-conc": -0.07187566520947385,
			"noun2-conc": -0.029623216285223606,
			"noun2-count": 0.25094347889225066
		},
		"sets": {
			"figurativeness": 0.05600648548744454,
			"imageability": -0.25749117092710205,
			"familiarity": -0.2762105337657276,
			"naturalness": -0.2926998298348397,
			"avg-conc": -0.08958826284944726
		}
	}
}