{
	"neutral": {
		"all_labels": {
			"figurativeness": 0.406693189173568,
			"binary_labels": -0.44933478075791305,
			"visual": -0.07126811254973844,
			"auditory": -0.01075427086159473,
			"imageability": -0.46156519288506614,
			"familiarity": -0.4072793885566971,
			"naturalness": -0.39158675394108017,
			"valencePos": 0.04785966200649473,
			"valenceRT": 0.16282485526295343,
			"avg-conc": -0.24166711176284938,
			"noun2-conc": -0.11671325086725244,
			"noun2-count": 0.1881774948322266
		},
		"metaphors": {
			"figurativeness": -0.06754869914223328,
			"visual": 0.03245885170736678,
			"auditory": -0.06803834338670121,
			"interpretability": -0.07568271469248516,
			"imageability": -0.16473688575479237,
			"familiarity": -0.07334287129444819,
			"naturalness": -0.046553693027965116,
			"valencePos": -0.020526070567554143,
			"valenceRT": 0.08892444582010761,
			"avg-conc": -0.2065468517115182,
			"noun2-conc": -0.02725627480226184,
			"noun2-count": 0.18394849244192962
		},
		"literals": {
			"figurativeness": 0.1575928260797237,
			"visual": -0.18327951069524212,
			"auditory": 0.0271735434600873,
			"imageability": -0.32588817508894746,
			"familiarity": -0.28030221393716487,
			"naturalness": -0.20660302459135002,
			"valencePos": 0.0377273056340082,
			"valenceRT": 0.16872867003783432,
			"avg-conc": -0.25516538481471873,
			"noun2-conc": -0.22483881540239892,
			"noun2-count": 0.250189320715802
		},
		"sets": {
			"figurativeness": 0.06536064433137641,
			"imageability": -0.23800574564465984,
			"familiarity": -0.13288080999744523,
			"naturalness": -0.13331330524387602,
			"avg-conc": -0.1514930751656943
		}
	}
}