{
	"neutral": {
		"all_labels": {
			"figurativeness": 0.3786546745760579,
			"binary_labels": -0.4043423718504092,
			"visual": -0.03014257301201587,
			"auditory": -0.03478793173861315,
			"imageability": -0.3905352933462665,
			"familiarity": -0.3907634975858633,
			"naturalness": -0.35781272399525155,
			"valencePos": 0.03624045190256459,
			"valenceRT": 0.16810357390295888,
			"avg-conc": -0.22799681144749318,
			"noun2-conc": -0.09035513820809185,
			"noun2-count": 0.18291146480790255
		},
		"metaphors": {
			"figurativeness": -0.01578664462150633,
			"visual": 0.09269294458098601,
			"auditory": -0.05879144420795948,
			"interpretability": -0.03714283165073739,
			"imageability": -0.10436514797611342,
			"familiarity": -0.07232172614422572,
			"naturalness": -0.029712602583884768,
			"valencePos": -0.04904095675832991,
			"valenceRT": 0.07125958688896251,
			"avg-conc": -0.15973831853839524,
			"noun2-conc": 0.046120514796737754,
			"noun2-count": 0.183836789579922
		},
		"literals": {
			"figurativeness": 0.15837215340553434,
			"visual": -0.13868055745041674,
			"auditory": -0.018314535329203872,
			"imageability": -0.25881974088500825,
			"familiarity": -0.28377289382177645,
			"naturalness": -0.17773521407182152,
			"valencePos": 0.06464532637575636,
			"valenceRT": 0.16928239142449816,
			"avg-conc": -0.24840002521321483,
			"noun2-conc": -0.21441371675391757,
			"noun2-count": 0.24183050962649183
		},
		"sets": {
			"figurativeness": 0.16521378919785562,
			"imageability": -0.21546557702554442,
			"familiarity": -0.17190438092294774,
			"naturalness": -0.15973644799200026,
			"avg-conc": -0.16844910753775766
		}
	}
}