{
	"neutral": {
		"all_labels": {
			"figurativeness": 0.38409216932337936,
			"binary_labels": -0.3863556571277055,
			"visual": -0.03598074976994681,
			"auditory": -0.020942244421999462,
			"imageability": -0.38888759150699687,
			"familiarity": -0.4160537983619982,
			"naturalness": -0.3968723983759138,
			"valencePos": 0.025246509815531133,
			"valenceRT": 0.12342725834604928,
			"avg-conc": -0.17881819293144613,
			"noun2-conc": -0.10128689812680874,
			"noun2-count": 0.20150967214051052
		},
		"metaphors": {
			"figurativeness": 0.04433639990361097,
			"visual": 0.07541954852759009,
			"auditory": -0.08120410309032824,
			"interpretability": -0.11492799071033424,
			"imageability": -0.11942931706537935,
			"familiarity": -0.16199028782265545,
			"naturalness": -0.1316819774627349,
			"valencePos": -0.025195495427083568,
			"valenceRT": 0.043036437166002646,
			"avg-conc": -0.11668847862506052,
			"noun2-conc": 0.02192935892797341,
			"noun2-count": 0.16760481707519945
		},
		"literals": {
			"figurativeness": 0.18020458838000797,
			"visual": -0.14790027399420685,
			"auditory": 0.01381110660543353,
			"imageability": -0.2610025353515934,
			"familiarity": -0.30548470236702474,
			"naturalness": -0.24376609661685675,
			"valencePos": 0.022935182210972033,
			"valenceRT": 0.12247279272131077,
			"avg-conc": -0.19112166478627182,
			"noun2-conc": -0.22289691203874418,
			"noun2-count": 0.287629714152966
		},
		"sets": {
			"figurativeness": 0.18784826574937194,
			"imageability": -0.23041736445472125,
			"familiarity": -0.2542386943077252,
			"naturalness": -0.2599838694756847,
			"avg-conc": -0.11951531177092965
		}
	}
}