{
	"neutral": {
		"all_labels": {
			"figurativeness": 0.33549351979649894,
			"binary_labels": -0.3714179723936083,
			"visual": -0.07566625009507331,
			"auditory": -0.004919889200193774,
			"imageability": -0.36685555915917345,
			"familiarity": -0.352720358116664,
			"naturalness": -0.335881261935663,
			"valencePos": 0.030777924861076264,
			"valenceRT": 0.14930054972578305,
			"avg-conc": -0.20158272442356517,
			"noun2-conc": -0.11005690403656831,
			"noun2-count": 0.21831265270542569
		},
		"metaphors": {
			"figurativeness": -0.06336922860377008,
			"visual": 0.008310788114800786,
			"auditory": -0.02802820128824692,
			"interpretability": -0.08549341740253498,
			"imageability": -0.06969990721472608,
			"familiarity": -0.05807314946601268,
			"naturalness": -0.042639081792321565,
			"valencePos": -0.04340227665050708,
			"valenceRT": 0.08895824272868202,
			"avg-conc": -0.14746060333448752,
			"noun2-conc": -0.015736985658227613,
			"noun2-count": 0.23654163688626542
		},
		"literals": {
			"figurativeness": 0.14044591735859013,
			"visual": -0.1608291150774826,
			"auditory": 0.023493700306241445,
			"imageability": -0.26726855194017,
			"familiarity": -0.2544604158312416,
			"naturalness": -0.16758005755378008,
			"valencePos": 0.05967863803701534,
			"valenceRT": 0.12188629867551025,
			"avg-conc": -0.21049632735399407,
			"noun2-conc": -0.1988631266851569,
			"noun2-count": 0.2658583107960061
		},
		"sets": {
			"figurativeness": 0.1035140319529963,
			"imageability": -0.1303072666653404,
			"familiarity": -0.08170615638349212,
			"naturalness": -0.12062866730347234,
			"avg-conc": -0.10953041133567741
		}
	}
}