{
	"neutral": {
		"all_labels": {
			"figurativeness": 0.3276507314476225,
			"binary_labels": -0.35458425220441114,
			"visual": -0.07985380217879144,
			"auditory": -0.07327651475868376,
			"imageability": -0.349822663836112,
			"familiarity": -0.32396056077905694,
			"naturalness": -0.3067130259374903,
			"valencePos": 0.027432224096177855,
			"valenceRT": 0.20551904832723342,
			"avg-conc": -0.26142384519057066,
			"noun2-conc": -0.14544393293343275,
			"noun2-count": 0.1943803629098773
		},
		"metaphors": {
			"figurativeness": -0.07071702397725753,
			"visual": 0.01697360673684725,
			"auditory": -0.11289609922322263,
			"interpretability": -0.06102300754512201,
			"imageability": -0.06095728774327836,
			"familiarity": 0.0057052345721724735,
			"naturalness": 0.018780984133329136,
			"valencePos": -0.05565437587822713,
			"valenceRT": 0.13870012310901556,
			"avg-conc": -0.2149043966427512,
			"noun2-conc": -0.047348542509345296,
			"noun2-count": 0.2518799864949269
		},
		"literals": {
			"figurativeness": 0.16387081654001168,
			"visual": -0.1617243856788387,
			"auditory": -0.04357252528710362,
			"imageability": -0.2646787668581978,
			"familiarity": -0.27127912910581914,
			"naturalness": -0.19701775328996607,
			"valencePos": 0.060033401489782555,
			"valenceRT": 0.20109201231719126,
			"avg-conc": -0.26357864222095895,
			"noun2-conc": -0.23792583749082682,
			"noun2-count": 0.1726218222343549
		},
		"sets": {
			"figurativeness": 0.14662428049125717,
			"imageability": -0.15417816723867483,
			"familiarity": -0.04929052399977169,
			"naturalness": -0.08093847752014605,
			"avg-conc": -0.1687273383178018
		}
	}
}