{
	"neutral": {
		"all_labels": {
			"figurativeness": 0.39285713909654885,
			"binary_labels": -0.4257624480728882,
			"visual": -0.0365688867097682,
			"auditory": -0.030934310188278327,
			"imageability": -0.4122697996724022,
			"familiarity": -0.43359485127099157,
			"naturalness": -0.40750065795679713,
			"valencePos": 0.10186253831249613,
			"valenceRT": 0.1528836895230622,
			"avg-conc": -0.20755253255033046,
			"noun2-conc": -0.10959247003310413,
			"noun2-count": 0.21049173478991437
		},
		"metaphors": {
			"figurativeness": -0.02600464588401931,
			"visual": 0.03244553532542441,
			"auditory": -0.04283805905123812,
			"interpretability": -0.10524089905101414,
			"imageability": -0.10826153059769279,
			"familiarity": -0.11754981872893762,
			"naturalness": -0.09518452671157782,
			"valencePos": -0.005183527713999046,
			"valenceRT": 0.005742060628502475,
			"avg-conc": -0.13048844752973077,
			"noun2-conc": 0.011942287847376115,
			"noun2-count": 0.2048877954022111
		},
		"literals": {
			"figurativeness": 0.14448906206072523,
			"visual": -0.11255586475363624,
			"auditory": -0.022864401713633305,
			"imageability": -0.29283999082339024,
			"familiarity": -0.3194708765050811,
			"naturalness": -0.22409054488560687,
			"valencePos": 0.1579952099894152,
			"valenceRT": 0.18340057987509556,
			"avg-conc": -0.23750348447744238,
			"noun2-conc": -0.2273054560146362,
			"noun2-count": 0.2878153127544556
		},
		"sets": {
			"figurativeness": 0.11147423369777223,
			"imageability": -0.2327176394438253,
			"familiarity": -0.24713778907580397,
			"naturalness": -0.25625249116024135,
			"avg-conc": -0.13033934258329657
		}
	}
}