{
	"neutral": {
		"all_labels": {
			"figurativeness": 0.17268332607144204,
			"binary_labels": -0.16738918416442072,
			"visual": 0.04625103773098459,
			"auditory": -0.0973783805714349,
			"imageability": -0.16083171948812483,
			"familiarity": -0.17290107366082508,
			"naturalness": -0.1732647466357447,
			"valencePos": -0.08136535451513295,
			"valenceRT": 0.029986675613900192,
			"avg-conc": -0.14694910342520048,
			"noun2-conc": -0.01933599684532002,
			"noun2-count": 0.1162208912493846
		},
		"metaphors": {
			"figurativeness": -0.020208230088621434,
			"visual": 0.06006610159373091,
			"auditory": -0.07786537187029438,
			"interpretability": -0.04968741637450377,
			"imageability": -0.13806585308152797,
			"familiarity": -0.028317232428921157,
			"naturalness": -0.002616569031045892,
			"valencePos": -0.1232098901021897,
			"valenceRT": 0.05714374474104642,
			"avg-conc": -0.18760863646233636,
			"noun2-conc": 0.008111059882160139,
			"noun2-count": 0.10323406656189191
		},
		"literals": {
			"figurativeness": 0.14514783612360374,
			"visual": 0.025738859066142688,
			"auditory": -0.12315677350855882,
			"imageability": -0.060170762717320594,
			"familiarity": -0.14684782904598812,
			"naturalness": -0.15543832692518533,
			"valencePos": -0.07645564922776266,
			"valenceRT": -0.04124439152353656,
			"avg-conc": -0.08585557804427613,
			"noun2-conc": -0.04673473126770404,
			"noun2-count": 0.12651947332544766
		},
		"sets": {
			"figurativeness": -0.008812348920747825,
			"imageability": -0.14554650312105705,
			"familiarity": -0.05269656878337161,
			"naturalness": -0.05259331648145035,
			"avg-conc": -0.20374993646988374
		}
	}
}