{
	"neutral": {
		"all_labels": {
			"figurativeness": 0.17555139607935705,
			"binary_labels": -0.17640816362651718,
			"visual": 0.011751129707339887,
			"auditory": -0.05888979755136428,
			"imageability": -0.17626325738665463,
			"familiarity": -0.11357674504202721,
			"naturalness": -0.12057473357860105,
			"valencePos": -0.10608971384910523,
			"valenceRT": 0.06264787241936234,
			"avg-conc": -0.21562995430269846,
			"noun2-conc": -0.05565419820892971,
			"noun2-count": 0.06603934952786927
		},
		"metaphors": {
			"figurativeness": -0.00538526435097352,
			"visual": 0.004899745663409667,
			"auditory": -0.01413412150972398,
			"interpretability": 0.03266043434678471,
			"imageability": -0.09897125973078301,
			"familiarity": 0.06628259656806876,
			"naturalness": 0.06691131022305964,
			"valencePos": -0.14243596591840832,
			"valenceRT": 0.06467635875816337,
			"avg-conc": -0.2198934559795855,
			"noun2-conc": -0.046009900123708876,
			"noun2-count": 0.10011601005686634
		},
		"literals": {
			"figurativeness": 0.1084794950632992,
			"visual": 0.011965622789444488,
			"auditory": -0.1031820918107924,
			"imageability": -0.11037366970845845,
			"familiarity": -0.0801240509436212,
			"naturalness": -0.07527606656314119,
			"valencePos": -0.10682608213631425,
			"valenceRT": 0.015089419859388154,
			"avg-conc": -0.18312627083828667,
			"noun2-conc": -0.0651319440942273,
			"noun2-count": 0.02907195871666542
		},
		"sets": {
			"figurativeness": 0.05846289531561672,
			"imageability": -0.08727730811285607,
			"familiarity": 0.10987865650146499,
			"naturalness": 0.08038440368611452,
			"avg-conc": -0.320212561571912
		}
	}
}