{
	"neutral": {
		"all_labels": {
			"figurativeness": 0.23150830852020216,
			"binary_labels": -0.22920329932771832,
			"visual": 0.052171086356454774,
			"auditory": -0.08100858141484496,
			"imageability": -0.22126319470504652,
			"familiarity": -0.23805091497961192,
			"naturalness": -0.24363773680746492,
			"valencePos": 0.014188275847883113,
			"valenceRT": 0.004775203591253867,
			"avg-conc": -0.11071731018240329,
			"noun2-conc": 0.008358560876076275,
			"noun2-count": 0.11824556179261847
		},
		"metaphors": {
			"figurativeness": 0.0050272528913451915,
			"visual": 0.045253169335601355,
			"auditory": -0.10425693424521085,
			"interpretability": -0.09281007321172992,
			"imageability": -0.15996921120665245,
			"familiarity": -0.07318706953155273,
			"naturalness": -0.06782425038424805,
			"valencePos": -0.05033345521410678,
			"valenceRT": 0.022446099064318877,
			"avg-conc": -0.13160904376387464,
			"noun2-conc": 0.014760344158379003,
			"noun2-count": 0.097192203819232
		},
		"literals": {
			"figurativeness": 0.14469210291348694,
			"visual": 0.05343253632436251,
			"auditory": -0.06735404147968771,
			"imageability": -0.10206796880676958,
			"familiarity": -0.19048586674637447,
			"naturalness": -0.19410586702243687,
			"valencePos": 0.04081665288667232,
			"valenceRT": -0.06761850302980156,
			"avg-conc": -0.04940434402132564,
			"noun2-conc": 0.013652996342485194,
			"noun2-count": 0.13912674017933466
		},
		"sets": {
			"figurativeness": 0.03545458015925697,
			"imageability": -0.21368079850921373,
			"familiarity": -0.18549373831053698,
			"naturalness": -0.2226919351970235,
			"avg-conc": -0.18235586711552143
		}
	}
}