{
	"neutral": {
		"all_labels": {
			"figurativeness": 0.23115391302222704,
			"binary_labels": -0.22913844695888785,
			"visual": 0.0724808355546793,
			"auditory": -0.09612439996328279,
			"imageability": -0.2065579099753262,
			"familiarity": -0.20070134195628436,
			"naturalness": -0.20645942498946218,
			"valencePos": -0.026871897821586284,
			"valenceRT": -0.008474011045777356,
			"avg-conc": -0.13520070435442605,
			"noun2-conc": 0.006623999042884257,
			"noun2-count": 0.12519827099739375
		},
		"metaphors": {
			"figurativeness": 0.03927350014029243,
			"visual": 0.06204034057810963,
			"auditory": -0.10481219028128141,
			"interpretability": -0.06190906282613592,
			"imageability": -0.18032412338386372,
			"familiarity": -0.037502417691905314,
			"naturalness": -0.04023691846997828,
			"valencePos": -0.09821078196551353,
			"valenceRT": -0.020067170503248064,
			"avg-conc": -0.17173882584703065,
			"noun2-conc": 0.011781828290821889,
			"noun2-count": 0.09189983492981205
		},
		"literals": {
			"figurativeness": 0.10900337241553124,
			"visual": 0.07230931972982015,
			"auditory": -0.09354456995709479,
			"imageability": -0.042234153658488045,
			"familiarity": -0.13262469948836259,
			"naturalness": -0.12428278066473097,
			"valencePos": 0.006781069640781115,
			"valenceRT": -0.06125995170940988,
			"avg-conc": -0.06075816617040209,
			"noun2-conc": 0.0029271939943698922,
			"noun2-count": 0.1729163740889412
		},
		"sets": {
			"figurativeness": 0.0043699855178045924,
			"imageability": -0.16309079400337373,
			"familiarity": -0.11915592090903515,
			"naturalness": -0.09480636863907914,
			"avg-conc": -0.21484912557515318
		}
	}
}