{
	"neutral": {
		"all_labels": {
			"figurativeness": 0.18912059436100837,
			"binary_labels": -0.18560649779382574,
			"visual": 0.0738028205745652,
			"auditory": -0.11548529715818777,
			"imageability": -0.18329634238125078,
			"familiarity": -0.17730415336017025,
			"naturalness": -0.16868024735842338,
			"valencePos": -0.056209093990097166,
			"valenceRT": 0.0053464393804963685,
			"avg-conc": -0.14435075166041114,
			"noun2-conc": -0.007725232109078656,
			"noun2-count": 0.1272661801059314
		},
		"metaphors": {
			"figurativeness": -0.006627597369923531,
			"visual": 0.08921497877419222,
			"auditory": -0.12473428815741916,
			"interpretability": -0.045542396240348906,
			"imageability": -0.17259247385129586,
			"familiarity": -0.025917148709073606,
			"naturalness": -5.2577196083124653e-05,
			"valencePos": -0.10016163093060758,
			"valenceRT": 0.004292207388951344,
			"avg-conc": -0.1704893419841038,
			"noun2-conc": 0.02311471122660377,
			"noun2-count": 0.09813663534209094
		},
		"literals": {
			"figurativeness": 0.13966727305409923,
			"visual": 0.05047898948660779,
			"auditory": -0.12080381821736909,
			"imageability": -0.06887086999137905,
			"familiarity": -0.15127725650718496,
			"naturalness": -0.12906756289422272,
			"valencePos": -0.048882759903144765,
			"valenceRT": -0.03694298001184472,
			"avg-conc": -0.08984508161712647,
			"noun2-conc": -0.04032112427234216,
			"noun2-count": 0.16279437628547963
		},
		"sets": {
			"figurativeness": 0.012987050710725525,
			"imageability": -0.18907523011507907,
			"familiarity": -0.1258048262117706,
			"naturalness": -0.10174987308169596,
			"avg-conc": -0.19805456947175346
		}
	}
}