{
	"neutral": {
		"all_labels": {
			"figurativeness": 0.20759591405976674,
			"binary_labels": -0.21402141208593758,
			"visual": 0.054079064728983516,
			"auditory": -0.07582587858633816,
			"imageability": -0.2566266757500124,
			"familiarity": -0.3361112952348864,
			"naturalness": -0.32947197860409394,
			"valencePos": 0.044064645966008904,
			"valenceRT": 0.03843834859659242,
			"avg-conc": -0.07648211670797064,
			"noun2-conc": -0.011180983218951269,
			"noun2-count": 0.1890025917206102
		},
		"metaphors": {
			"figurativeness": -0.018336534850340782,
			"visual": 0.06758917449978703,
			"auditory": -0.1029738052446009,
			"interpretability": -0.1067992434939738,
			"imageability": -0.23000573323740692,
			"familiarity": -0.2557850816259895,
			"naturalness": -0.21579285901225984,
			"valencePos": -0.01631693913039319,
			"valenceRT": 0.043806938404916444,
			"avg-conc": -0.0866810653508674,
			"noun2-conc": 0.002939141111436848,
			"noun2-count": 0.09458173472133702
		},
		"literals": {
			"figurativeness": 0.12113333946415666,
			"visual": 0.03776458274320386,
			"auditory": -0.0520808696790088,
			"imageability": -0.12291408902525851,
			"familiarity": -0.25137508748634513,
			"naturalness": -0.26832140033792906,
			"valencePos": 0.0758824373182155,
			"valenceRT": -0.021512523340284466,
			"avg-conc": -0.035221389172207865,
			"noun2-conc": -0.027694318889640773,
			"noun2-count": 0.2987816633431325
		},
		"sets": {
			"figurativeness": 0.04494530105062024,
			"imageability": -0.27718211202186854,
			"familiarity": -0.3364569352031347,
			"naturalness": -0.3446779639078336,
			"avg-conc": -0.08655162139117425
		}
	}
}