{
	"neutral": {
		"all_labels": {
			"figurativeness": 0.19221565696440746,
			"binary_labels": -0.16867028920165034,
			"visual": 0.09546179565274235,
			"auditory": -0.05570960370815756,
			"imageability": -0.20014403074302067,
			"familiarity": -0.32312188502787464,
			"naturalness": -0.29642249385365826,
			"valencePos": -0.0641015745993427,
			"valenceRT": 0.036633421487300956,
			"avg-conc": -0.028167345040156208,
			"noun2-conc": 0.014677061898504488,
			"noun2-count": 0.12597365635859892
		},
		"metaphors": {
			"figurativeness": 0.010882878224551371,
			"visual": 0.11837068486847013,
			"auditory": -0.09334823425945525,
			"interpretability": -0.08602272626078772,
			"imageability": -0.18822887719168055,
			"familiarity": -0.2232846022810951,
			"naturalness": -0.18491434003471355,
			"valencePos": -0.13246682609976973,
			"valenceRT": 0.048358255426271674,
			"avg-conc": -0.013136308623377958,
			"noun2-conc": 0.06104700899271063,
			"noun2-count": 0.0413860822243877
		},
		"literals": {
			"figurativeness": 0.18153579693215957,
			"visual": 0.06586419086971415,
			"auditory": -0.02094611658434816,
			"imageability": -0.10461536708387563,
			"familiarity": -0.3126415071935218,
			"naturalness": -0.28686089182017915,
			"valencePos": -0.02337657394871729,
			"valenceRT": -0.023164125136058547,
			"avg-conc": -0.01812141358467126,
			"noun2-conc": -0.030810987124317006,
			"noun2-count": 0.21885305906096322
		},
		"sets": {
			"figurativeness": 0.08534991402414663,
			"imageability": -0.21805569075993642,
			"familiarity": -0.3096240481683377,
			"naturalness": -0.2840784000106672,
			"avg-conc": 0.02213829401754777
		}
	}
}