{
	"neutral": {
		"all_labels": {
			"figurativeness": 0.09863939978446136,
			"binary_labels": -0.07584141820399286,
			"visual": 0.10926397824687879,
			"auditory": -0.11540821448363629,
			"imageability": -0.13018713669609117,
			"familiarity": -0.20319722699467013,
			"naturalness": -0.1719656437212596,
			"valencePos": -0.09920614652966053,
			"valenceRT": -0.04737562928169477,
			"avg-conc": -0.07612436697268173,
			"noun2-conc": 0.02487549149327313,
			"noun2-count": 0.1844052244280124
		},
		"metaphors": {
			"figurativeness": 0.06582999048792451,
			"visual": 0.15775405518586816,
			"auditory": -0.1593463936576412,
			"interpretability": -0.010905945923067777,
			"imageability": -0.15351173929057357,
			"familiarity": -0.1267537813183217,
			"naturalness": -0.0840668396125462,
			"valencePos": -0.11317391691247004,
			"valenceRT": -0.04917245367829179,
			"avg-conc": -0.07549579505443677,
			"noun2-conc": 0.10791792826882324,
			"noun2-count": 0.13351929021051723
		},
		"literals": {
			"figurativeness": 0.07499608241689039,
			"visual": 0.057366631962029395,
			"auditory": -0.07411143333142631,
			"imageability": -0.10214952293595166,
			"familiarity": -0.240733731778016,
			"naturalness": -0.19790621424487492,
			"valencePos": -0.10215984269071136,
			"valenceRT": -0.06059425707069567,
			"avg-conc": -0.07135701333133923,
			"noun2-conc": -0.06044652184338377,
			"noun2-count": 0.239997207885111
		},
		"sets": {
			"figurativeness": 0.14209315175748355,
			"imageability": -0.2152703028649972,
			"familiarity": -0.22197088365311157,
			"naturalness": -0.14536159467741908,
			"avg-conc": -0.05935840325078801
		}
	}
}