{
	"neutral": {
		"all_labels": {
			"figurativeness": 0.1170905392116272,
			"binary_labels": -0.07819865147249534,
			"visual": 0.06062530940649739,
			"auditory": 0.03169651528359419,
			"imageability": -0.15486613498585805,
			"familiarity": -0.25149091899084874,
			"naturalness": -0.20952969823975923,
			"valencePos": -0.16858425913836808,
			"valenceRT": -0.008443500441208352,
			"avg-conc": -0.051685266258131,
			"noun2-conc": -0.0046176680460207255,
			"noun2-count": 0.1406905976829713
		},
		"metaphors": {
			"figurativeness": 0.0834340337699179,
			"visual": 0.11604714694237236,
			"auditory": -0.042688843921032074,
			"interpretability": -0.09536469304912466,
			"imageability": -0.2148435741540651,
			"familiarity": -0.19909087072960194,
			"naturalness": -0.15198633464101796,
			"valencePos": -0.19812769993739357,
			"valenceRT": 0.032416356066592204,
			"avg-conc": -0.0566057156589906,
			"noun2-conc": 0.05509669067104343,
			"noun2-count": 0.08074192196914731
		},
		"literals": {
			"figurativeness": 0.11998054955555384,
			"visual": -0.0038883835271713795,
			"auditory": 0.11141999623036046,
			"imageability": -0.11492295071468094,
			"familiarity": -0.27827272832633054,
			"naturalness": -0.21717714405776697,
			"valencePos": -0.15368407775961515,
			"valenceRT": -0.06360490374701395,
			"avg-conc": -0.041138384351840696,
			"noun2-conc": -0.06809703388208624,
			"noun2-count": 0.20743771396601013
		},
		"sets": {
			"figurativeness": 0.18867344192097615,
			"imageability": -0.2639225868546373,
			"familiarity": -0.3550575516243476,
			"naturalness": -0.3155373672355622,
			"avg-conc": -0.0760099180083736
		}
	}
}