{
	"neutral": {
		"all_labels": {
			"figurativeness": 0.20819296545060348,
			"binary_labels": -0.20630915519545626,
			"visual": 0.0962420800891585,
			"auditory": -0.10624391249933503,
			"imageability": -0.23986157824317583,
			"familiarity": -0.31136036764453195,
			"naturalness": -0.29920347538011016,
			"valencePos": -0.021240539407764464,
			"valenceRT": -0.00622168834597163,
			"avg-conc": -0.07374040376539444,
			"noun2-conc": 0.011592883835069675,
			"noun2-count": 0.15734699054551324
		},
		"metaphors": {
			"figurativeness": 0.016748274577900842,
			"visual": 0.09499906877685145,
			"auditory": -0.13859900294464297,
			"interpretability": -0.060362692103189945,
			"imageability": -0.21565992981899645,
			"familiarity": -0.19958044683973872,
			"naturalness": -0.15363910221399463,
			"valencePos": -0.07755618568434199,
			"valenceRT": 0.004897137914141974,
			"avg-conc": -0.07669372917329206,
			"noun2-conc": 0.017684350148834627,
			"noun2-count": 0.06192119267475845
		},
		"literals": {
			"figurativeness": 0.1215808685076786,
			"visual": 0.09536885446002027,
			"auditory": -0.07868895744021888,
			"imageability": -0.10697741496747265,
			"familiarity": -0.2701981480419057,
			"naturalness": -0.2914991906716325,
			"valencePos": -0.004413229851381322,
			"valenceRT": -0.07312843366301927,
			"avg-conc": -0.03533848051826597,
			"noun2-conc": 0.011446919458505726,
			"noun2-count": 0.26586381001382803
		},
		"sets": {
			"figurativeness": 0.03095895755781549,
			"imageability": -0.2289353974425958,
			"familiarity": -0.3088200754846274,
			"naturalness": -0.28547604528270976,
			"avg-conc": -0.05263580138498566
		}
	}
}