{
	"neutral": {
		"all_labels": {
			"figurativeness": 0.18860716177663756,
			"binary_labels": -0.17166807498876763,
			"visual": 0.08288146968510855,
			"auditory": -0.05779484797609083,
			"imageability": -0.19688319334066715,
			"familiarity": -0.3118564550412395,
			"naturalness": -0.29012050900060715,
			"valencePos": -0.05456105787311922,
			"valenceRT": 0.007888292782400951,
			"avg-conc": -0.07489342502807482,
			"noun2-conc": 0.021101554466501755,
			"noun2-count": 0.15287958853977537
		},
		"metaphors": {
			"figurativeness": 0.04498147056683158,
			"visual": 0.0934110048688014,
			"auditory": -0.0632207775467076,
			"interpretability": -0.0445725249192391,
			"imageability": -0.17013384685707986,
			"familiarity": -0.22793147845617978,
			"naturalness": -0.19157935316416005,
			"valencePos": -0.12640178335797342,
			"valenceRT": -0.014775735322404523,
			"avg-conc": -0.06758137308879911,
			"noun2-conc": 0.062275378108629986,
			"noun2-count": 0.11500617341304173
		},
		"literals": {
			"figurativeness": 0.1268780403528359,
			"visual": 0.07209933062995973,
			"auditory": -0.06798814973878292,
			"imageability": -0.0994129207695697,
			"familiarity": -0.27969650944967833,
			"naturalness": -0.26222300224969397,
			"valencePos": -0.012496473871118071,
			"valenceRT": -0.020111829872087383,
			"avg-conc": -0.056077685767888144,
			"noun2-conc": -0.0201916298587612,
			"noun2-count": 0.199904129251101
		},
		"sets": {
			"figurativeness": 0.15444518894765308,
			"imageability": -0.2017741955417183,
			"familiarity": -0.35651221302786756,
			"naturalness": -0.33052603740386405,
			"avg-conc": -0.058811159152124544
		}
	}
}