{
	"neutral": {
		"all_labels": {
			"figurativeness": 0.21793081550187962,
			"binary_labels": -0.20930694098257352,
			"visual": 0.07730168052033283,
			"auditory": -0.07380397195254161,
			"imageability": -0.23953789280506593,
			"familiarity": -0.3379535539526133,
			"naturalness": -0.3155780526749108,
			"valencePos": -0.05584899760525476,
			"valenceRT": 0.0186856756980643,
			"avg-conc": -0.08536372861999879,
			"noun2-conc": 0.0014910281767008748,
			"noun2-count": 0.13798104515856485
		},
		"metaphors": {
			"figurativeness": 0.03762240609229262,
			"visual": 0.09122780112163474,
			"auditory": -0.13286292749308348,
			"interpretability": -0.05041112209886131,
			"imageability": -0.19754987662816115,
			"familiarity": -0.24061368470670283,
			"naturalness": -0.18954898572840462,
			"valencePos": -0.12278558387963412,
			"valenceRT": 0.002778515544315199,
			"avg-conc": -0.0836519204558537,
			"noun2-conc": 0.015368611484776532,
			"noun2-count": 0.07351113793555733
		},
		"literals": {
			"figurativeness": 0.12645320109196453,
			"visual": 0.0640343834125565,
			"auditory": -0.028575209614540045,
			"imageability": -0.1314518229385799,
			"familiarity": -0.28187759189954537,
			"naturalness": -0.27783594504877424,
			"valencePos": -0.02508129484239232,
			"valenceRT": -0.019417117774762554,
			"avg-conc": -0.04985991847605834,
			"noun2-conc": -0.007288282877514397,
			"noun2-count": 0.20848325275440166
		},
		"sets": {
			"figurativeness": 0.09680234872686189,
			"imageability": -0.2004608743955201,
			"familiarity": -0.3328020173467429,
			"naturalness": -0.2960003756311532,
			"avg-conc": -0.017581795586567476
		}
	}
}