{
	"neutral": {
		"all_labels": {
			"figurativeness": 0.2136347277782122,
			"binary_labels": -0.21143357534437465,
			"visual": 0.07521947088708708,
			"auditory": -0.07676589292882899,
			"imageability": -0.2371961769539333,
			"familiarity": -0.350270731894453,
			"naturalness": -0.33015854332534295,
			"valencePos": -0.038372720072965494,
			"valenceRT": 0.049737832830123126,
			"avg-conc": -0.0980072340566498,
			"noun2-conc": -0.007473491211675796,
			"noun2-count": 0.13852013733012972
		},
		"metaphors": {
			"figurativeness": -0.009632690983656376,
			"visual": 0.06190342085608683,
			"auditory": -0.10441337272503273,
			"interpretability": -0.04403617269627241,
			"imageability": -0.19998050648121263,
			"familiarity": -0.2280400455433649,
			"naturalness": -0.18037563065335604,
			"valencePos": -0.10761680779088972,
			"valenceRT": 0.04793869582386801,
			"avg-conc": -0.11068003163393673,
			"noun2-conc": -0.0036656473589844864,
			"noun2-count": 0.06614046754862242
		},
		"literals": {
			"figurativeness": 0.14207526471680337,
			"visual": 0.08300135009246894,
			"auditory": -0.06586021222975746,
			"imageability": -0.11439850643176606,
			"familiarity": -0.30641750093512693,
			"naturalness": -0.29957250766543136,
			"valencePos": -0.007419781360976354,
			"valenceRT": -0.0009456277688401889,
			"avg-conc": -0.052925274678405,
			"noun2-conc": -0.012901639963522069,
			"noun2-count": 0.2147592350936617
		},
		"sets": {
			"figurativeness": 0.06357543696632952,
			"imageability": -0.21413211396418494,
			"familiarity": -0.34757565551555986,
			"naturalness": -0.32598693346222324,
			"avg-conc": -0.049236606444004856
		}
	}
}