{
	"neutral": {
		"all_labels": {
			"figurativeness": 0.20449745430077457,
			"binary_labels": -0.19977551950558523,
			"visual": 0.07534913416888515,
			"auditory": -0.07047080784045752,
			"imageability": -0.20294663027663012,
			"familiarity": -0.29230826453080594,
			"naturalness": -0.2801986862388023,
			"valencePos": -0.05889143673336511,
			"valenceRT": 0.010812446193163848,
			"avg-conc": -0.06374829248544665,
			"noun2-conc": 0.02660285482674923,
			"noun2-count": 0.11907569964182263
		},
		"metaphors": {
			"figurativeness": 0.05416237304469607,
			"visual": 0.06367723121994838,
			"auditory": -0.11569362682454574,
			"interpretability": 0.003769256626666056,
			"imageability": -0.1434693013262804,
			"familiarity": -0.16677679902496878,
			"naturalness": -0.12370355866230284,
			"valencePos": -0.11851064727710103,
			"valenceRT": -0.024256963017731472,
			"avg-conc": -0.06570066090277064,
			"noun2-conc": 0.03727851042397634,
			"noun2-count": 0.07792632244432704
		},
		"literals": {
			"figurativeness": 0.09120554437669606,
			"visual": 0.08572096501992943,
			"auditory": -0.04061758767428168,
			"imageability": -0.0924701798523881,
			"familiarity": -0.2509726642305228,
			"naturalness": -0.2665632125486357,
			"valencePos": -0.029759565994242166,
			"valenceRT": -0.009093388764836141,
			"avg-conc": -0.02122978514301477,
			"noun2-conc": 0.026283293311238683,
			"noun2-count": 0.16319959989873198
		},
		"sets": {
			"figurativeness": 0.07103787004821803,
			"imageability": -0.13104466559328118,
			"familiarity": -0.27570561843697705,
			"naturalness": -0.2426222065653292,
			"avg-conc": 0.02028831537084947
		}
	}
}