{
	"neutral": {
		"all_labels": {
			"figurativeness": 0.18949912873249616,
			"binary_labels": -0.22332223008986546,
			"visual": 0.009894870506562535,
			"auditory": -0.06504377781024118,
			"imageability": -0.33266652480240294,
			"familiarity": -0.3455550211182667,
			"naturalness": -0.31906410543035957,
			"valencePos": 0.03812599292518545,
			"valenceRT": 0.058297700290435905,
			"avg-conc": -0.1956896848109213,
			"noun2-conc": -0.04332098532009757,
			"noun2-count": 0.152717448449284
		},
		"metaphors": {
			"figurativeness": -0.12051484003591731,
			"visual": 0.031347787429406145,
			"auditory": -0.10768210600069075,
			"interpretability": -0.10585613695877696,
			"imageability": -0.2430920067319647,
			"familiarity": -0.2135531675228398,
			"naturalness": -0.19136289899327238,
			"valencePos": 0.0798309194477519,
			"valenceRT": 0.1030911540223428,
			"avg-conc": -0.15469429556715353,
			"noun2-conc": -0.027493208700663192,
			"noun2-count": 0.07578781411383
		},
		"literals": {
			"figurativeness": 0.11517378701796191,
			"visual": -0.01335872120803065,
			"auditory": -0.041297762821582505,
			"imageability": -0.26387776016046455,
			"familiarity": -0.31256707451129406,
			"naturalness": -0.25614172261597895,
			"valencePos": -0.028310261036038117,
			"valenceRT": -0.03738643505578819,
			"avg-conc": -0.19041498393775225,
			"noun2-conc": -0.06276123787811994,
			"noun2-count": 0.23739160974086512
		},
		"sets": {
			"figurativeness": -0.004881068980316583,
			"imageability": -0.2853904545327055,
			"familiarity": -0.23467979706987752,
			"naturalness": -0.2567273628195992,
			"avg-conc": -0.1604616651320001
		}
	}
}