{
	"neutral": {
		"all_labels": {
			"figurativeness": 0.11410024570428252,
			"binary_labels": -0.14099842039749078,
			"visual": 0.03760576615940686,
			"auditory": -0.11106298814621174,
			"imageability": -0.23683485268175447,
			"familiarity": -0.23131938666504248,
			"naturalness": -0.20215094560738062,
			"valencePos": 0.06602760769906793,
			"valenceRT": 0.016679144721779487,
			"avg-conc": -0.11912723803503174,
			"noun2-conc": -0.05726497294574458,
			"noun2-count": 0.19424099289038763
		},
		"metaphors": {
			"figurativeness": -0.15479339650711083,
			"visual": 0.06469883672691155,
			"auditory": -0.19421458919826262,
			"interpretability": -0.03878569647026436,
			"imageability": -0.15722101906632177,
			"familiarity": -0.15173752620235076,
			"naturalness": -0.07378219380210434,
			"valencePos": 0.06774264766298951,
			"valenceRT": 0.07586962177167937,
			"avg-conc": -0.08020559816179719,
			"noun2-conc": -0.05690203138393437,
			"noun2-count": 0.12130277781913396
		},
		"literals": {
			"figurativeness": 0.11677342294876691,
			"visual": 0.016091311071742675,
			"auditory": -0.042897130487223586,
			"imageability": -0.22209976376888685,
			"familiarity": -0.2320831517921312,
			"naturalness": -0.2182633063550633,
			"valencePos": 0.049056703999172106,
			"valenceRT": -0.07544744067880678,
			"avg-conc": -0.11481856829872386,
			"noun2-conc": -0.04722840079369645,
			"noun2-count": 0.2632698977074536
		},
		"sets": {
			"figurativeness": -0.05426361235710138,
			"imageability": -0.23126264211471262,
			"familiarity": -0.17433575818553154,
			"naturalness": -0.15778882555013346,
			"avg-conc": -0.07608843712421426
		}
	}
}