{
	"neutral": {
		"all_labels": {
			"figurativeness": 0.18366363944757663,
			"binary_labels": -0.21753163532158762,
			"visual": 0.00881360336335244,
			"auditory": -0.06477147024454986,
			"imageability": -0.3287328398980483,
			"familiarity": -0.3421435187737513,
			"naturalness": -0.30924017840752815,
			"valencePos": 0.04740884449551277,
			"valenceRT": 0.05318395227597419,
			"avg-conc": -0.20100489093289325,
			"noun2-conc": -0.05796578478116579,
			"noun2-count": 0.15218067624721743
		},
		"metaphors": {
			"figurativeness": -0.11484887262238828,
			"visual": 0.03524607288161159,
			"auditory": -0.10054265712774253,
			"interpretability": -0.11259769349472655,
			"imageability": -0.2539156332204582,
			"familiarity": -0.23085493747368396,
			"naturalness": -0.1881297428445244,
			"valencePos": 0.08219202249071272,
			"valenceRT": 0.09202317853859258,
			"avg-conc": -0.1778421789894915,
			"noun2-conc": -0.03894251016577483,
			"noun2-count": 0.08220368280643499
		},
		"literals": {
			"figurativeness": 0.107059152228923,
			"visual": -0.023926123893526524,
			"auditory": -0.037848742157483316,
			"imageability": -0.25573760641764337,
			"familiarity": -0.3131884849775993,
			"naturalness": -0.24144250830088643,
			"valencePos": -0.006858072560761595,
			"valenceRT": -0.03498242395536486,
			"avg-conc": -0.18057505055761658,
			"noun2-conc": -0.08283371789969486,
			"noun2-count": 0.2273029509454489
		},
		"sets": {
			"figurativeness": -0.012326773211394738,
			"imageability": -0.2532514684798352,
			"familiarity": -0.21869422555618948,
			"naturalness": -0.2124338880220517,
			"avg-conc": -0.17007342907327905
		}
	}
}