{
	"neutral": {
		"all_labels": {
			"figurativeness": 0.1858494087191505,
			"binary_labels": -0.20679597510960349,
			"visual": 0.028225622176374515,
			"auditory": -0.05145648391097781,
			"imageability": -0.31842965715303406,
			"familiarity": -0.3407071483921789,
			"naturalness": -0.3149345610236553,
			"valencePos": 0.043699830284561335,
			"valenceRT": 0.0672034257228211,
			"avg-conc": -0.1804046853261142,
			"noun2-conc": -0.03785975695555468,
			"noun2-count": 0.159706829149252
		},
		"metaphors": {
			"figurativeness": -0.08502707487310696,
			"visual": 0.06190751820437678,
			"auditory": -0.08978209508354672,
			"interpretability": -0.1170836124810362,
			"imageability": -0.22640536916935972,
			"familiarity": -0.23712519886752756,
			"naturalness": -0.1980221081465279,
			"valencePos": 0.062000118778563824,
			"valenceRT": 0.10865501276927103,
			"avg-conc": -0.15452872188586403,
			"noun2-conc": -0.008061214998634785,
			"noun2-count": 0.08024080574512533
		},
		"literals": {
			"figurativeness": 0.12122125778284136,
			"visual": -0.008826371107954001,
			"auditory": -0.025505202210231975,
			"imageability": -0.269719714379653,
			"familiarity": -0.31016474262067656,
			"naturalness": -0.2645988328893003,
			"valencePos": 0.0014358981998145955,
			"valenceRT": -0.019719582108045006,
			"avg-conc": -0.16391581768512384,
			"noun2-conc": -0.07242637223555072,
			"noun2-count": 0.24562496992361285
		},
		"sets": {
			"figurativeness": 0.014901992020832242,
			"imageability": -0.2717069249819083,
			"familiarity": -0.25553597507124926,
			"naturalness": -0.267680135966385,
			"avg-conc": -0.15921184564029267
		}
	}
}