{
	"neutral": {
		"all_labels": {
			"figurativeness": 0.21902071283146538,
			"binary_labels": -0.2523264481327438,
			"visual": 0.013084211650618644,
			"auditory": -0.1034646680718186,
			"imageability": -0.32255524890184223,
			"familiarity": -0.3412883707872892,
			"naturalness": -0.3046064752125798,
			"valencePos": 0.08207370849956265,
			"valenceRT": 0.06949069693331496,
			"avg-conc": -0.17468391613676573,
			"noun2-conc": -0.07895254300864166,
			"noun2-count": 0.15564675364005592
		},
		"metaphors": {
			"figurativeness": -0.13973480411111341,
			"visual": 0.057093475409365435,
			"auditory": -0.16972213773446349,
			"interpretability": -0.07080236728219477,
			"imageability": -0.1792875463036749,
			"familiarity": -0.19233205744342527,
			"naturalness": -0.11331478269078726,
			"valencePos": 0.08397184657288655,
			"valenceRT": 0.10013068138438956,
			"avg-conc": -0.12566120659481655,
			"noun2-conc": -0.06995319718809372,
			"noun2-count": 0.07206656215396316
		},
		"literals": {
			"figurativeness": 0.14813161475883932,
			"visual": -0.029746065693722887,
			"auditory": -0.047146517890917714,
			"imageability": -0.23835548792876768,
			"familiarity": -0.28762563871286906,
			"naturalness": -0.24250715905315612,
			"valencePos": 0.05260124465952362,
			"valenceRT": -0.01096177171749403,
			"avg-conc": -0.1710420283286013,
			"noun2-conc": -0.08999363304430943,
			"noun2-count": 0.24961327764895647
		},
		"sets": {
			"figurativeness": -0.0438811412960111,
			"imageability": -0.19712858229569147,
			"familiarity": -0.18197810744138676,
			"naturalness": -0.1547166687833746,
			"avg-conc": -0.1121986957244196
		}
	}
}