{
	"neutral": {
		"all_labels": {
			"figurativeness": 0.16730229141132222,
			"binary_labels": -0.19616280330059774,
			"visual": 0.02626274715007657,
			"auditory": -0.11610844613296725,
			"imageability": -0.294136179528776,
			"familiarity": -0.2964928524046765,
			"naturalness": -0.26716839637910617,
			"valencePos": 0.06379179305183444,
			"valenceRT": 0.039537390959656665,
			"avg-conc": -0.1652016177741104,
			"noun2-conc": -0.06238876864784225,
			"noun2-count": 0.17162300877801678
		},
		"metaphors": {
			"figurativeness": -0.13895621167482808,
			"visual": 0.05449234213662293,
			"auditory": -0.18567859597166964,
			"interpretability": -0.06587271631890676,
			"imageability": -0.20601389040216678,
			"familiarity": -0.1835691913214726,
			"naturalness": -0.12595754988659366,
			"valencePos": 0.07918589173301069,
			"valenceRT": 0.077701141110081,
			"avg-conc": -0.1069517219981377,
			"noun2-conc": -0.054641941459702525,
			"noun2-count": 0.09214558122622885
		},
		"literals": {
			"figurativeness": 0.1323883148497486,
			"visual": -0.0005698728579951732,
			"auditory": -0.056565851030195055,
			"imageability": -0.23766988628808208,
			"familiarity": -0.2761879303553086,
			"naturalness": -0.23801807520450646,
			"valencePos": 0.026735138806794526,
			"valenceRT": -0.04527884241601069,
			"avg-conc": -0.1729401662598907,
			"noun2-conc": -0.07073642468806636,
			"noun2-count": 0.2531131860914912
		},
		"sets": {
			"figurativeness": -0.03271582829802037,
			"imageability": -0.23995541475459956,
			"familiarity": -0.17140322088061788,
			"naturalness": -0.17087152269600897,
			"avg-conc": -0.09062130130394239
		}
	}
}