{
	"neutral": {
		"all_labels": {
			"figurativeness": 0.2454523554233804,
			"binary_labels": -0.24054028179023138,
			"visual": 0.02481084276554507,
			"auditory": -0.048706945763355,
			"imageability": -0.320512638025754,
			"familiarity": -0.3700787655152997,
			"naturalness": -0.37372705475786894,
			"valencePos": -0.01581279952150034,
			"valenceRT": -0.005324889932514065,
			"avg-conc": -0.13911274078137736,
			"noun2-conc": -0.023336453737054,
			"noun2-count": 0.10218249804086298
		},
		"metaphors": {
			"figurativeness": -0.026644935716490795,
			"visual": 0.019085789780321268,
			"auditory": -0.09915089312151856,
			"interpretability": -0.11024415317556283,
			"imageability": -0.27647006185688566,
			"familiarity": -0.24675762590476494,
			"naturalness": -0.2438485970987978,
			"valencePos": -0.07360684755630634,
			"valenceRT": -0.0067365090595861675,
			"avg-conc": -0.12209505674997113,
			"noun2-conc": -0.006152429082263149,
			"noun2-count": 0.028412396279149547
		},
		"literals": {
			"figurativeness": 0.19549128853685993,
			"visual": 0.021214703662645957,
			"auditory": -0.017554801542685638,
			"imageability": -0.20679527774194928,
			"familiarity": -0.32838162944444094,
			"naturalness": -0.3349852911225819,
			"valencePos": 0.00223445973157646,
			"valenceRT": -0.06509469421026975,
			"avg-conc": -0.1199595861237755,
			"noun2-conc": -0.044388947510377766,
			"noun2-count": 0.17083973195894073
		},
		"sets": {
			"figurativeness": 0.06386085164546114,
			"imageability": -0.3178435179067357,
			"familiarity": -0.29878321905104643,
			"naturalness": -0.3114915699422119,
			"avg-conc": -0.1350972596157812
		}
	}
}