{
	"neutral": {
		"all_labels": {
			"figurativeness": 0.27244403257640404,
			"binary_labels": -0.28181748608976936,
			"visual": 0.07084233213524946,
			"auditory": -0.07157702531500096,
			"imageability": -0.27171879721310394,
			"familiarity": -0.3346354653983253,
			"naturalness": -0.3344079609363961,
			"valencePos": 0.0005283701332327163,
			"valenceRT": -0.06340628497181673,
			"avg-conc": -0.045505550226438804,
			"noun2-conc": 0.0048497783597983395,
			"noun2-count": 0.11194669114797626
		},
		"metaphors": {
			"figurativeness": 0.017413493027849888,
			"visual": 0.0862932279977604,
			"auditory": -0.1392204481093455,
			"interpretability": -0.06840163641944763,
			"imageability": -0.16027646316731314,
			"familiarity": -0.1683250749381279,
			"naturalness": -0.1406815546624178,
			"valencePos": -0.06210533849611195,
			"valenceRT": -0.10930261615882331,
			"avg-conc": 0.008750142319857596,
			"noun2-conc": 0.04695490449081972,
			"noun2-count": 0.046996659207196076
		},
		"literals": {
			"figurativeness": 0.12160170065793036,
			"visual": 0.06585292316191677,
			"auditory": -0.02422680072855814,
			"imageability": -0.1162565961372496,
			"familiarity": -0.2454052361736141,
			"naturalness": -0.25573027163570794,
			"valencePos": 0.025979547654486058,
			"valenceRT": -0.1044553405971781,
			"avg-conc": -0.03810307062034897,
			"noun2-conc": -0.026118736802574552,
			"noun2-count": 0.17937383061632442
		},
		"sets": {
			"figurativeness": 0.06471607146750023,
			"imageability": -0.21983091040127528,
			"familiarity": -0.2717543743430224,
			"naturalness": -0.23227539833253352,
			"avg-conc": 0.007928040987686772
		}
	}
}