{
	"neutral": {
		"all_labels": {
			"figurativeness": 0.17458905672456013,
			"binary_labels": -0.2330842504735551,
			"visual": 0.022379080045424347,
			"auditory": -0.05147432475148862,
			"imageability": -0.2771519330388648,
			"familiarity": -0.31761358661994216,
			"naturalness": -0.2809271005232562,
			"valencePos": 0.00022708162732050662,
			"valenceRT": 0.05969965190233802,
			"avg-conc": -0.20438526592713785,
			"noun2-conc": -0.09784339503266837,
			"noun2-count": 0.21245717857894433
		},
		"metaphors": {
			"figurativeness": -0.16072094366019887,
			"visual": 0.027261365401553397,
			"auditory": -0.08835721009876443,
			"interpretability": -0.10735179545578255,
			"imageability": -0.18376947888985368,
			"familiarity": -0.17464142613313496,
			"naturalness": -0.1340571693663083,
			"valencePos": -0.009818336314660848,
			"valenceRT": 0.08342818089032819,
			"avg-conc": -0.18895678175596972,
			"noun2-conc": -0.09393131739028394,
			"noun2-count": 0.11015930030525176
		},
		"literals": {
			"figurativeness": 0.07364916437438505,
			"visual": 0.0007385470292651645,
			"auditory": -0.012404660103559995,
			"imageability": -0.19326113260492944,
			"familiarity": -0.27842603233697394,
			"naturalness": -0.1987724807485658,
			"valencePos": -0.02012182552739946,
			"valenceRT": -0.025169743598851366,
			"avg-conc": -0.18413132804507015,
			"noun2-conc": -0.11223504978692846,
			"noun2-count": 0.3258032220660139
		},
		"sets": {
			"figurativeness": -0.04985948632743893,
			"imageability": -0.1957913639620137,
			"familiarity": -0.18668450549558224,
			"naturalness": -0.2022191972099401,
			"avg-conc": -0.16784212063356324
		}
	}
}