{
	"neutral": {
		"all_labels": {
			"figurativeness": 0.17468196194741567,
			"binary_labels": -0.23290489576834295,
			"visual": 0.013820193754412551,
			"auditory": -0.045569091905283986,
			"imageability": -0.27793961739174977,
			"familiarity": -0.32753507850898494,
			"naturalness": -0.29167109386355355,
			"valencePos": -0.022180221540312694,
			"valenceRT": 0.06614451571949272,
			"avg-conc": -0.22785906338546752,
			"noun2-conc": -0.0963446853232446,
			"noun2-count": 0.20786222121319883
		},
		"metaphors": {
			"figurativeness": -0.15374639457305347,
			"visual": 0.0034868433947553676,
			"auditory": -0.075015943354117,
			"interpretability": -0.11604929437279381,
			"imageability": -0.17371509092628298,
			"familiarity": -0.17293473786634722,
			"naturalness": -0.14362519482234443,
			"valencePos": -0.01225209922772004,
			"valenceRT": 0.08534060797955952,
			"avg-conc": -0.22340020413258682,
			"noun2-conc": -0.0992100953976061,
			"noun2-count": 0.12107249807284126
		},
		"literals": {
			"figurativeness": 0.0556214996614611,
			"visual": 0.003386116915960535,
			"auditory": -0.007958595548839119,
			"imageability": -0.20863868573899183,
			"familiarity": -0.2956633440905022,
			"naturalness": -0.1956731109992547,
			"valencePos": -0.061183632606990994,
			"valenceRT": -0.012198598218038436,
			"avg-conc": -0.2072930488990861,
			"noun2-conc": -0.11143070303503487,
			"noun2-count": 0.3014231272547833
		},
		"sets": {
			"figurativeness": -0.05069729448843053,
			"imageability": -0.2199268405395861,
			"familiarity": -0.21045273742139087,
			"naturalness": -0.24239176920367095,
			"avg-conc": -0.19369880686735716
		}
	}
}