{
	"neutral": {
		"all_labels": {
			"figurativeness": 0.17551059801181002,
			"binary_labels": -0.2281648071305934,
			"visual": -0.00967122481972189,
			"auditory": -0.03885598482657072,
			"imageability": -0.2894277832937099,
			"familiarity": -0.3199071533488405,
			"naturalness": -0.2930908381268084,
			"valencePos": -0.02200851625996438,
			"valenceRT": 0.05956997116487621,
			"avg-conc": -0.22135136358527197,
			"noun2-conc": -0.09691759963882915,
			"noun2-count": 0.20681363796237134
		},
		"metaphors": {
			"figurativeness": -0.16019539376570627,
			"visual": -0.031200624336658444,
			"auditory": -0.06208646939443183,
			"interpretability": -0.11870182552406436,
			"imageability": -0.19297814833312543,
			"familiarity": -0.15685144569589224,
			"naturalness": -0.1449420145969718,
			"valencePos": -0.002826880229110297,
			"valenceRT": 0.08631935279655813,
			"avg-conc": -0.2286135560644875,
			"noun2-conc": -0.09683563536391541,
			"noun2-count": 0.12301269086063552
		},
		"literals": {
			"figurativeness": 0.08390370495813451,
			"visual": -0.009642767754728393,
			"auditory": -0.00535740364515556,
			"imageability": -0.2269645307890503,
			"familiarity": -0.28756793631242644,
			"naturalness": -0.2110931327992867,
			"valencePos": -0.0747189583717743,
			"valenceRT": -0.022838105454021585,
			"avg-conc": -0.19287163871357213,
			"noun2-conc": -0.11625336951094682,
			"noun2-count": 0.3021734267863608
		},
		"sets": {
			"figurativeness": -0.03249937745284161,
			"imageability": -0.23837068983631202,
			"familiarity": -0.20677050839103017,
			"naturalness": -0.25033622526759425,
			"avg-conc": -0.18407168049037026
		}
	}
}