{
	"neutral": {
		"all_labels": {
			"figurativeness": 0.14389320523372423,
			"binary_labels": -0.19772575144601787,
			"visual": 0.013544819332371361,
			"auditory": -0.06813177975032983,
			"imageability": -0.2590127888546139,
			"familiarity": -0.28736800219492276,
			"naturalness": -0.2566151162286397,
			"valencePos": -0.002535130022269849,
			"valenceRT": 0.03125856243877249,
			"avg-conc": -0.18037088840383284,
			"noun2-conc": -0.09228815324263327,
			"noun2-count": 0.23229029708301072
		},
		"metaphors": {
			"figurativeness": -0.1718483272287767,
			"visual": -0.007009538587047879,
			"auditory": -0.11561714126581313,
			"interpretability": -0.12742045453521747,
			"imageability": -0.1871298186866977,
			"familiarity": -0.14699608058339733,
			"naturalness": -0.1162925638871315,
			"valencePos": 0.012329557391126797,
			"valenceRT": 0.05623361788994133,
			"avg-conc": -0.18296950088492833,
			"noun2-conc": -0.10094852106138082,
			"noun2-count": 0.13672877121183213
		},
		"literals": {
			"figurativeness": 0.07742490622984627,
			"visual": 0.01937260416061842,
			"auditory": -0.018178636881098588,
			"imageability": -0.207166759109014,
			"familiarity": -0.273262862517486,
			"naturalness": -0.21112386357789617,
			"valencePos": -0.043353331475082094,
			"valenceRT": -0.04192237590942704,
			"avg-conc": -0.15171481920916133,
			"noun2-conc": -0.09641475091766014,
			"noun2-count": 0.3322012183006977
		},
		"sets": {
			"figurativeness": -0.08019469673361154,
			"imageability": -0.23726356727922315,
			"familiarity": -0.18106796256887223,
			"naturalness": -0.21144727472547065,
			"avg-conc": -0.15837134971333733
		}
	}
}