{
	"neutral": {
		"all_labels": {
			"figurativeness": 0.20958355648723578,
			"binary_labels": -0.26096109608367135,
			"visual": 0.03281633402305004,
			"auditory": -0.08808799762333236,
			"imageability": -0.2761039774286257,
			"familiarity": -0.302410822985374,
			"naturalness": -0.28256956399387906,
			"valencePos": -0.0028102530970023254,
			"valenceRT": 0.0128268715216798,
			"avg-conc": -0.13861560170994042,
			"noun2-conc": -0.0739291193341235,
			"noun2-count": 0.24610519989653074
		},
		"metaphors": {
			"figurativeness": -0.12988731723165728,
			"visual": 0.024453998931549616,
			"auditory": -0.1376262022445124,
			"interpretability": -0.06539376751835871,
			"imageability": -0.16389048437739182,
			"familiarity": -0.117760124784617,
			"naturalness": -0.07363846003878619,
			"valencePos": -0.03898956048297616,
			"valenceRT": 0.019146802164696185,
			"avg-conc": -0.147748394289801,
			"noun2-conc": -0.09347725098556667,
			"noun2-count": 0.16345325132076777
		},
		"literals": {
			"figurativeness": 0.07359315662616728,
			"visual": 0.02902629817745337,
			"auditory": -0.03930504085388793,
			"imageability": -0.1545959998379187,
			"familiarity": -0.2403018173605016,
			"naturalness": -0.20405271141986112,
			"valencePos": -0.006808226920595659,
			"valenceRT": -0.06920834569565758,
			"avg-conc": -0.09517249931816439,
			"noun2-conc": -0.06386636115311123,
			"noun2-count": 0.35158183670958026
		},
		"sets": {
			"figurativeness": -0.06415923971909872,
			"imageability": -0.2421911673375088,
			"familiarity": -0.18595017630549268,
			"naturalness": -0.20874654884683644,
			"avg-conc": -0.07875911122517769
		}
	}
}