{
	"neutral": {
		"all_labels": {
			"figurativeness": 0.3235737839717105,
			"binary_labels": -0.3142038214309339,
			"visual": -0.032095375446311074,
			"auditory": -0.024433585938229623,
			"imageability": -0.3436533090020094,
			"familiarity": -0.43746480238134167,
			"naturalness": -0.411433941463964,
			"valencePos": -0.05799044512364331,
			"valenceRT": 0.0992835555318971,
			"avg-conc": -0.17731811312215656,
			"noun2-conc": -0.08657804321786772,
			"noun2-count": 0.129590531768826
		},
		"metaphors": {
			"figurativeness": 0.0016329951887352804,
			"visual": -0.051809944789462915,
			"auditory": -0.019868489694347465,
			"interpretability": -0.025253279845367616,
			"imageability": -0.18201692613866485,
			"familiarity": -0.25796495851805595,
			"naturalness": -0.23262814548014918,
			"valencePos": -0.08148701610961671,
			"valenceRT": 0.04671552083980592,
			"avg-conc": -0.1676165532664727,
			"noun2-conc": -0.05725640802160093,
			"noun2-count": 0.06258591062898237
		},
		"literals": {
			"figurativeness": 0.23049305757702604,
			"visual": -0.04110459804487174,
			"auditory": -0.034975753357589186,
			"imageability": -0.2503965374608482,
			"familiarity": -0.3728251108551869,
			"naturalness": -0.31065095335413906,
			"valencePos": -0.11403857438680745,
			"valenceRT": 0.052250542883611535,
			"avg-conc": -0.16948698907014392,
			"noun2-conc": -0.14825005114686246,
			"noun2-count": 0.20007907311806067
		},
		"sets": {
			"figurativeness": 0.11871202221163607,
			"imageability": -0.24889740092105903,
			"familiarity": -0.3897208936257108,
			"naturalness": -0.38089042716788263,
			"avg-conc": -0.07627449329001065
		}
	}
}