{
	"neutral": {
		"all_labels": {
			"figurativeness": 0.3007814568586829,
			"binary_labels": -0.2900693745188868,
			"visual": -0.026807580646604677,
			"auditory": -0.016902025865954802,
			"imageability": -0.32614459045679706,
			"familiarity": -0.4102272399949179,
			"naturalness": -0.3885546678574962,
			"valencePos": -0.0411907672148034,
			"valenceRT": 0.09208203701681614,
			"avg-conc": -0.18580366243837318,
			"noun2-conc": -0.06903992051924629,
			"noun2-count": 0.1260179676101817
		},
		"metaphors": {
			"figurativeness": 0.0070280831170472695,
			"visual": -0.03494554183656768,
			"auditory": -0.022365316269163743,
			"interpretability": -0.01824800993927106,
			"imageability": -0.18200597149963488,
			"familiarity": -0.24144814034595305,
			"naturalness": -0.21223623849746065,
			"valencePos": -0.05718080356127277,
			"valenceRT": 0.04409000472505776,
			"avg-conc": -0.15895125978421135,
			"noun2-conc": -0.021332350568099148,
			"noun2-count": 0.054079150350291386
		},
		"literals": {
			"figurativeness": 0.2178137196188611,
			"visual": -0.045139459342235407,
			"auditory": -0.01743832617942271,
			"imageability": -0.24877095551646347,
			"familiarity": -0.3449893665519417,
			"naturalness": -0.29342172659045335,
			"valencePos": -0.08826388487084733,
			"valenceRT": 0.05071112083680081,
			"avg-conc": -0.1942596601250132,
			"noun2-conc": -0.14205447298746365,
			"noun2-count": 0.20054148245460734
		},
		"sets": {
			"figurativeness": 0.1289842194194255,
			"imageability": -0.24155072271305655,
			"familiarity": -0.3975650041792614,
			"naturalness": -0.36479941293914464,
			"avg-conc": -0.10983424617523481
		}
	}
}