{
	"neutral": {
		"all_labels": {
			"figurativeness": 0.30710664262013265,
			"binary_labels": -0.30685027851723595,
			"visual": -0.03620251751590558,
			"auditory": -0.02346283934354578,
			"imageability": -0.3440930688490394,
			"familiarity": -0.415881095936667,
			"naturalness": -0.3888324014212191,
			"valencePos": -0.051720778871484414,
			"valenceRT": 0.09841163499601117,
			"avg-conc": -0.2004462602389721,
			"noun2-conc": -0.09049413127519494,
			"noun2-count": 0.11786540592448494
		},
		"metaphors": {
			"figurativeness": -0.025376649616331275,
			"visual": -0.06417710771132341,
			"auditory": -0.038783641531634744,
			"interpretability": -0.036226842069689236,
			"imageability": -0.19197946982207392,
			"familiarity": -0.22401896644630026,
			"naturalness": -0.20263183088363404,
			"valencePos": -0.0715360412585027,
			"valenceRT": 0.06289433994242122,
			"avg-conc": -0.19983036386473588,
			"noun2-conc": -0.08011711518421248,
			"noun2-count": 0.03519911847361991
		},
		"literals": {
			"figurativeness": 0.21775812507068115,
			"visual": -0.03290716989942649,
			"auditory": -0.016962379915895012,
			"imageability": -0.2590211875822217,
			"familiarity": -0.35172344544361306,
			"naturalness": -0.2834081181168593,
			"valencePos": -0.10149775508409348,
			"valenceRT": 0.04432570424611834,
			"avg-conc": -0.18628994785434042,
			"noun2-conc": -0.12876239539778062,
			"noun2-count": 0.20722771258543576
		},
		"sets": {
			"figurativeness": 0.09316092173210377,
			"imageability": -0.26800286092257625,
			"familiarity": -0.3600059949578427,
			"naturalness": -0.3517658757637563,
			"avg-conc": -0.10647704189185576
		}
	}
}