{
	"neutral": {
		"all_labels": {
			"figurativeness": 0.30143802215592763,
			"binary_labels": -0.2918997889607379,
			"visual": -0.028837831519147226,
			"auditory": -0.012839814173534561,
			"imageability": -0.33442640347693514,
			"familiarity": -0.4145985321624909,
			"naturalness": -0.38757702699602997,
			"valencePos": -0.052302596230890716,
			"valenceRT": 0.09675254292655647,
			"avg-conc": -0.1985658839448538,
			"noun2-conc": -0.08420338452350282,
			"noun2-count": 0.12421437028716734
		},
		"metaphors": {
			"figurativeness": 0.0010685156724284173,
			"visual": -0.034270221097219625,
			"auditory": -0.02769562568911489,
			"interpretability": -0.013672579582704191,
			"imageability": -0.1745423723048395,
			"familiarity": -0.2465531237499728,
			"naturalness": -0.21784985645642102,
			"valencePos": -0.06430809785989612,
			"valenceRT": 0.0650774836831628,
			"avg-conc": -0.19279706699478516,
			"noun2-conc": -0.049754411647723214,
			"noun2-count": 0.04510905268982389
		},
		"literals": {
			"figurativeness": 0.2223733001280892,
			"visual": -0.04936212063190305,
			"auditory": -0.003200101144830969,
			"imageability": -0.2802949831131961,
			"familiarity": -0.35324214530851733,
			"naturalness": -0.287186979526535,
			"valencePos": -0.11012173835887173,
			"valenceRT": 0.04054182764329356,
			"avg-conc": -0.19428568319403985,
			"noun2-conc": -0.1470848408479606,
			"noun2-count": 0.2075885987549989
		},
		"sets": {
			"figurativeness": 0.12909278624713347,
			"imageability": -0.2620920622937029,
			"familiarity": -0.3909959840603851,
			"naturalness": -0.38619355898417695,
			"avg-conc": -0.09645800271058583
		}
	}
}