{
	"neutral": {
		"all_labels": {
			"figurativeness": 0.2598117388710371,
			"binary_labels": -0.2506610115843453,
			"visual": -0.02396303781833084,
			"auditory": 0.044199103152374984,
			"imageability": -0.288343298384193,
			"familiarity": -0.36831388926019143,
			"naturalness": -0.34873530532545494,
			"valencePos": -0.04740995974339912,
			"valenceRT": 0.09988126467622999,
			"avg-conc": -0.21792046389913192,
			"noun2-conc": -0.05324783005792915,
			"noun2-count": 0.10965215538937446
		},
		"metaphors": {
			"figurativeness": 0.012982687387147194,
			"visual": -0.06579556028585734,
			"auditory": 0.05093733339560332,
			"interpretability": -0.03236813471115611,
			"imageability": -0.1630003801454905,
			"familiarity": -0.22081794440401137,
			"naturalness": -0.19808902457790642,
			"valencePos": -0.055517281783701904,
			"valenceRT": 0.0651317635666308,
			"avg-conc": -0.2173572768490708,
			"noun2-conc": -0.01928245905145234,
			"noun2-count": 0.09821706140273642
		},
		"literals": {
			"figurativeness": 0.16521466098657822,
			"visual": -0.003683516112673414,
			"auditory": 0.0313959560461927,
			"imageability": -0.21857103221685226,
			"familiarity": -0.27502637079136877,
			"naturalness": -0.22839763423426945,
			"valencePos": -0.10662601204957925,
			"valenceRT": 0.059119487409544196,
			"avg-conc": -0.1970352520606954,
			"noun2-conc": -0.10583475752981945,
			"noun2-count": 0.13035277184843602
		},
		"sets": {
			"figurativeness": 0.13481917430105037,
			"imageability": -0.17400429813689708,
			"familiarity": -0.2671319581487814,
			"naturalness": -0.2637169547345477,
			"avg-conc": -0.12824288219035057
		}
	}
}