{
	"neutral": {
		"all_labels": {
			"figurativeness": 0.28765787094919354,
			"binary_labels": -0.27605251342223613,
			"visual": -0.04736175440166034,
			"auditory": -0.007941222736268355,
			"imageability": -0.30785907652335315,
			"familiarity": -0.39718417006189116,
			"naturalness": -0.37819142478270107,
			"valencePos": -0.036264386837971625,
			"valenceRT": 0.10248162162899346,
			"avg-conc": -0.19219477580227867,
			"noun2-conc": -0.08102608741683075,
			"noun2-count": 0.12950787211485004
		},
		"metaphors": {
			"figurativeness": 0.007564298708840485,
			"visual": -0.05928111795051288,
			"auditory": -0.009805516920199632,
			"interpretability": -0.024507387522161157,
			"imageability": -0.16941582261477517,
			"familiarity": -0.23431030693720842,
			"naturalness": -0.20537028341469082,
			"valencePos": -0.042499854773294744,
			"valenceRT": 0.05457859351853943,
			"avg-conc": -0.1749987497287489,
			"noun2-conc": -0.033054668650170246,
			"noun2-count": 0.08142794939243116
		},
		"literals": {
			"figurativeness": 0.21195005327836666,
			"visual": -0.05714844816558906,
			"auditory": -0.012043743873290434,
			"imageability": -0.2331281168536201,
			"familiarity": -0.33281139833995993,
			"naturalness": -0.3000624928577043,
			"valencePos": -0.0969191752125755,
			"valenceRT": 0.07298095669690413,
			"avg-conc": -0.19179659620536524,
			"noun2-conc": -0.14524945539032907,
			"noun2-count": 0.18319750550812441
		},
		"sets": {
			"figurativeness": 0.15010456427004623,
			"imageability": -0.2379965281580606,
			"familiarity": -0.36591169493894876,
			"naturalness": -0.38159232230205936,
			"avg-conc": -0.10697102954673164
		}
	}
}