{
	"neutral": {
		"all_labels": {
			"figurativeness": 0.24037858654394964,
			"binary_labels": -0.22854913864176227,
			"visual": 0.00515989865577988,
			"auditory": -0.015314355551008307,
			"imageability": -0.27954686388555755,
			"familiarity": -0.36747022062940365,
			"naturalness": -0.3445819911163931,
			"valencePos": -0.062397518723150455,
			"valenceRT": 0.07790620442823343,
			"avg-conc": -0.20348448406799946,
			"noun2-conc": -0.04219431784555394,
			"noun2-count": 0.10069324947255537
		},
		"metaphors": {
			"figurativeness": -0.005189250290259582,
			"visual": -0.015547388086250578,
			"auditory": -0.03126210631841061,
			"interpretability": -0.0018576874433022003,
			"imageability": -0.1893583228376834,
			"familiarity": -0.20598317373618552,
			"naturalness": -0.17154880709794626,
			"valencePos": -0.08904844089315592,
			"valenceRT": 0.07604475120701955,
			"avg-conc": -0.21386657398064807,
			"noun2-conc": -0.02508665675566164,
			"noun2-count": 0.07356131829818231
		},
		"literals": {
			"figurativeness": 0.19144848534538475,
			"visual": 0.01920461288073009,
			"auditory": -0.01536984131799791,
			"imageability": -0.20875716371175973,
			"familiarity": -0.32936222881764354,
			"naturalness": -0.3022481341230277,
			"valencePos": -0.08622367588510804,
			"valenceRT": 0.011667066652665089,
			"avg-conc": -0.172645886602198,
			"noun2-conc": -0.06573964240423177,
			"noun2-count": 0.12593689993743862
		},
		"sets": {
			"figurativeness": 0.12849259604867247,
			"imageability": -0.25145166887423165,
			"familiarity": -0.2956612104767234,
			"naturalness": -0.29063818357253757,
			"avg-conc": -0.16159302317502616
		}
	}
}