{
	"neutral": {
		"all_labels": {
			"figurativeness": 0.2811283024063398,
			"binary_labels": -0.2680584179899234,
			"visual": -0.004157419668659066,
			"auditory": 0.002413891329974487,
			"imageability": -0.30112078638788203,
			"familiarity": -0.38127484995185745,
			"naturalness": -0.3649156274311505,
			"valencePos": -0.0394351652613111,
			"valenceRT": 0.07755471372916369,
			"avg-conc": -0.20508258348648134,
			"noun2-conc": -0.061739935183846135,
			"noun2-count": 0.09582462163080821
		},
		"metaphors": {
			"figurativeness": -0.003349654915580168,
			"visual": -0.021505273945542237,
			"auditory": 0.01239817248920321,
			"interpretability": 0.0039013197150524685,
			"imageability": -0.16776945414288102,
			"familiarity": -0.18285121464112564,
			"naturalness": -0.15448170299278133,
			"valencePos": -0.04175440563431379,
			"valenceRT": 0.021721170725905285,
			"avg-conc": -0.19336991779314347,
			"noun2-conc": -0.0227193661915191,
			"noun2-count": 0.04094030187969875
		},
		"literals": {
			"figurativeness": 0.21396974732080493,
			"visual": -0.00929551748715434,
			"auditory": -0.022241932188769152,
			"imageability": -0.22686483174568367,
			"familiarity": -0.35151141472956055,
			"naturalness": -0.31217724869174185,
			"valencePos": -0.10155069459158006,
			"valenceRT": 0.057442961065582394,
			"avg-conc": -0.2007939748347055,
			"noun2-conc": -0.12281241441645582,
			"noun2-count": 0.15117934084336826
		},
		"sets": {
			"figurativeness": 0.1431504834097211,
			"imageability": -0.20508395600763762,
			"familiarity": -0.31097799961784733,
			"naturalness": -0.30283053903070256,
			"avg-conc": -0.12478872386828131
		}
	}
}