{
	"neutral": {
		"all_labels": {
			"figurativeness": 0.28975564271524223,
			"binary_labels": -0.27992145063466956,
			"visual": 0.005909794594289446,
			"auditory": -0.0045916689525188365,
			"imageability": -0.3167234913651539,
			"familiarity": -0.4022116157570409,
			"naturalness": -0.3830208341062162,
			"valencePos": -0.03960060799583607,
			"valenceRT": 0.06904793045358353,
			"avg-conc": -0.1933003448205438,
			"noun2-conc": -0.050298718944872374,
			"noun2-count": 0.10123539197438648
		},
		"metaphors": {
			"figurativeness": -0.0043901685793351665,
			"visual": 0.006332793227822935,
			"auditory": -0.008069226446291662,
			"interpretability": 0.0004905703523260596,
			"imageability": -0.178725213480529,
			"familiarity": -0.21547562434025969,
			"naturalness": -0.1787655393759014,
			"valencePos": -0.05344579001542563,
			"valenceRT": 0.01946701933886594,
			"avg-conc": -0.17688185163801246,
			"noun2-conc": -0.0076539208476365085,
			"noun2-count": 0.04180814719221965
		},
		"literals": {
			"figurativeness": 0.21496559240496968,
			"visual": -0.01620467104109822,
			"auditory": -0.019949755600500878,
			"imageability": -0.23738069077530283,
			"familiarity": -0.34942354384963925,
			"naturalness": -0.320403195219301,
			"valencePos": -0.09025842263426388,
			"valenceRT": 0.04046126152291584,
			"avg-conc": -0.19426929639175536,
			"noun2-conc": -0.11220500627497317,
			"noun2-count": 0.1624809208696305
		},
		"sets": {
			"figurativeness": 0.14465915262871942,
			"imageability": -0.23537568946833776,
			"familiarity": -0.3582990465847847,
			"naturalness": -0.34661909996470563,
			"avg-conc": -0.1185464541589478
		}
	}
}