{
	"neutral": {
		"all_labels": {
			"figurativeness": 0.2881689563644063,
			"binary_labels": -0.28299610272402065,
			"visual": -0.004758446111806005,
			"auditory": -0.000160482201724027,
			"imageability": -0.3145520037556324,
			"familiarity": -0.3938759392442603,
			"naturalness": -0.3747393837552218,
			"valencePos": -0.04295021212833671,
			"valenceRT": 0.08374371518968096,
			"avg-conc": -0.21433282671862386,
			"noun2-conc": -0.06247228397861311,
			"noun2-count": 0.09849688279364958
		},
		"metaphors": {
			"figurativeness": -0.00960810385408947,
			"visual": -0.013106734288198155,
			"auditory": 0.007104620627453903,
			"interpretability": -0.0006405940207330241,
			"imageability": -0.17431259089015996,
			"familiarity": -0.19327604485244068,
			"naturalness": -0.16276602547951521,
			"valencePos": -0.04737217889272151,
			"valenceRT": 0.032698338354293935,
			"avg-conc": -0.19728155333997846,
			"noun2-conc": -0.01589198276179276,
			"noun2-count": 0.048301692336559184
		},
		"literals": {
			"figurativeness": 0.20482545789227474,
			"visual": -0.018506356442982857,
			"auditory": -0.022011792605796887,
			"imageability": -0.23823461991043962,
			"familiarity": -0.3493979362754783,
			"naturalness": -0.3064183007803304,
			"valencePos": -0.1063946595266022,
			"valenceRT": 0.051986313319321895,
			"avg-conc": -0.21998872396901234,
			"noun2-conc": -0.1316144806122623,
			"noun2-count": 0.14560175916749138
		},
		"sets": {
			"figurativeness": 0.1420576456251514,
			"imageability": -0.21582915566362637,
			"familiarity": -0.31051097854297866,
			"naturalness": -0.31065926433077085,
			"avg-conc": -0.14536107360599793
		}
	}
}