{
	"neutral": {
		"all_labels": {
			"figurativeness": 0.24355417838737092,
			"binary_labels": -0.2720298436053352,
			"visual": 0.02438412338061515,
			"auditory": -0.09049753544677072,
			"imageability": -0.24206857096601408,
			"familiarity": -0.3581320421705196,
			"naturalness": -0.3262028556059001,
			"valencePos": -0.02499712323048364,
			"valenceRT": 0.07885327066292495,
			"avg-conc": -0.11374930277700722,
			"noun2-conc": -0.06769559820465441,
			"noun2-count": 0.23710307380720647
		},
		"metaphors": {
			"figurativeness": -0.07685868405032403,
			"visual": 0.0006446494642869306,
			"auditory": -0.1530991624854445,
			"interpretability": -0.07294601533288302,
			"imageability": -0.09775884694693895,
			"familiarity": -0.156024219116491,
			"naturalness": -0.11242984702684271,
			"valencePos": -0.025437123768684285,
			"valenceRT": 0.03736948077877665,
			"avg-conc": -0.15067580525280594,
			"noun2-conc": -0.11192463753631339,
			"noun2-count": 0.18475584635840947
		},
		"literals": {
			"figurativeness": 0.1077360263567743,
			"visual": 0.04657182644644077,
			"auditory": -0.04234602472028407,
			"imageability": -0.11655808331290966,
			"familiarity": -0.30960069312049177,
			"naturalness": -0.2645134696153852,
			"valencePos": -0.080132194893795,
			"valenceRT": 0.03863350301231282,
			"avg-conc": -0.03048184199119351,
			"noun2-conc": -0.015302389691584707,
			"noun2-count": 0.3051223823433625
		},
		"sets": {
			"figurativeness": 0.013077181662030243,
			"imageability": -0.1511340069421712,
			"familiarity": -0.3213081097819197,
			"naturalness": -0.2750742734718001,
			"avg-conc": -0.04184351960641519
		}
	}
}