{
	"neutral": {
		"all_labels": {
			"figurativeness": 0.28958306176842186,
			"binary_labels": -0.3135632689123191,
			"visual": 0.015988617946325872,
			"auditory": -0.0810814983492332,
			"imageability": -0.29851585474475706,
			"familiarity": -0.39073738098484956,
			"naturalness": -0.35978066732688146,
			"valencePos": -0.01682999138214985,
			"valenceRT": 0.047627267093084145,
			"avg-conc": -0.12864883812170363,
			"noun2-conc": -0.08048488076131914,
			"noun2-count": 0.21869991576204711
		},
		"metaphors": {
			"figurativeness": -0.09272455386710152,
			"visual": 0.018417922009057903,
			"auditory": -0.15759917667534284,
			"interpretability": -0.03113660239092336,
			"imageability": -0.11571423300426782,
			"familiarity": -0.18406798539184205,
			"naturalness": -0.14065799734728965,
			"valencePos": -0.04505151860764564,
			"valenceRT": 0.0040494841364623274,
			"avg-conc": -0.10457906821471098,
			"noun2-conc": -0.10966010936902792,
			"noun2-count": 0.15105870175240002
		},
		"literals": {
			"figurativeness": 0.16247745304776476,
			"visual": 0.007742622485259766,
			"auditory": -0.02128722851816017,
			"imageability": -0.17141236039919677,
			"familiarity": -0.3221907423152942,
			"naturalness": -0.27055548214309927,
			"valencePos": -0.04871809740907936,
			"valenceRT": -0.00048271395853430587,
			"avg-conc": -0.09510012427474114,
			"noun2-conc": -0.053813392368621385,
			"noun2-count": 0.2975760806872402
		},
		"sets": {
			"figurativeness": -0.002897505241375592,
			"imageability": -0.20972547259295368,
			"familiarity": -0.36161769561168405,
			"naturalness": -0.34051984973746774,
			"avg-conc": -0.029196479756703957
		}
	}
}