{
	"neutral": {
		"all_labels": {
			"figurativeness": -0.04825216468335061,
			"binary_labels": -0.010043863491880136,
			"visual": -0.013181523132679078,
			"auditory": -0.056491869078688944,
			"imageability": 0.0412555760927613,
			"familiarity": 0.07668802761633176,
			"naturalness": 0.09504250919671085,
			"valencePos": 0.09051819391840162,
			"valenceRT": 0.017556783329011203,
			"avg-conc": -0.061704858873873246,
			"noun2-conc": -0.14776546282302683,
			"noun2-count": 0.259684024332401
		},
		"metaphors": {
			"figurativeness": -0.16098149893602592,
			"visual": -0.09904622455025874,
			"auditory": 0.003594138353658854,
			"interpretability": -0.005935091276203217,
			"imageability": 0.0791909380694985,
			"familiarity": 0.11152878366731152,
			"naturalness": 0.16771681717043332,
			"valencePos": 0.12073191434364611,
			"valenceRT": 0.045482445751211936,
			"avg-conc": -0.08505980883036476,
			"noun2-conc": -0.17646454381222884,
			"noun2-count": 0.22492522663969855
		},
		"literals": {
			"figurativeness": -0.07228551230954634,
			"visual": 0.06842571644232039,
			"auditory": -0.11738518690473061,
			"imageability": 0.0477954482418978,
			"familiarity": 0.08057542711749789,
			"naturalness": 0.10324346526941271,
			"valencePos": 0.0581193289074106,
			"valenceRT": -0.007901966052470705,
			"avg-conc": -0.03715024634584742,
			"noun2-conc": -0.12031095064263404,
			"noun2-count": 0.29576821282828575
		},
		"sets": {
			"figurativeness": -0.03228838908956011,
			"imageability": 0.1619549948213094,
			"familiarity": 0.012610593190477805,
			"naturalness": 0.027965536822156526,
			"avg-conc": 0.06886740956655374
		}
	}
}