{
	"neutral": {
		"all_labels": {
			"figurativeness": -0.14320215595779398,
			"binary_labels": 0.12357539189116809,
			"visual": 0.09798549211512542,
			"auditory": -0.11661200172231301,
			"imageability": 0.1118314625299062,
			"familiarity": 0.11934514260548082,
			"naturalness": 0.13174999733653808,
			"valencePos": 0.013153319359902544,
			"valenceRT": -0.12983649089772828,
			"avg-conc": 0.03866457522041295,
			"noun2-conc": 0.01914353177542904,
			"noun2-count": 0.3320551720946683
		},
		"metaphors": {
			"figurativeness": -0.02629012977732393,
			"visual": 0.08436337695318959,
			"auditory": -0.1937420177103789,
			"interpretability": -0.0349805186835572,
			"imageability": 0.07390357553201359,
			"familiarity": 0.12947751786411743,
			"naturalness": 0.13761295830920273,
			"valencePos": -0.0022665081177384084,
			"valenceRT": -0.11651706129925987,
			"avg-conc": -0.008336037422117077,
			"noun2-conc": 0.004472383384809236,
			"noun2-count": 0.3144734585484144
		},
		"literals": {
			"figurativeness": -0.14149879472295218,
			"visual": 0.11841404847120554,
			"auditory": -0.039999557043451116,
			"imageability": 0.022952973254526082,
			"familiarity": -0.013822627097748575,
			"naturalness": 0.0022221767465590856,
			"valencePos": 0.04594564852674642,
			"valenceRT": -0.12316067718131544,
			"avg-conc": 0.04950896779379836,
			"noun2-conc": 0.03211036901638276,
			"noun2-count": 0.3515240949224502
		},
		"sets": {
			"figurativeness": -0.06505918361167161,
			"imageability": -0.040578789893866415,
			"familiarity": 0.005384056558299507,
			"naturalness": 0.025592544080102867,
			"avg-conc": 0.013028711030188952
		}
	}
}