{
	"neutral": {
		"all_labels": {
			"figurativeness": 0.10786262232888624,
			"binary_labels": -0.135643401341871,
			"visual": 0.08248121219442313,
			"auditory": -0.02322168922659345,
			"imageability": -0.12300861729502459,
			"familiarity": -0.1314544545938271,
			"naturalness": -0.11449273675275479,
			"valencePos": -0.0213419411771233,
			"valenceRT": -0.07830501856851581,
			"avg-conc": -0.055545455133855205,
			"noun2-conc": 0.02231754109654024,
			"noun2-count": 0.2889758303305747
		},
		"metaphors": {
			"figurativeness": 0.04900044178728861,
			"visual": 0.14470502521942025,
			"auditory": -0.04976170938347645,
			"interpretability": -0.059078334547602626,
			"imageability": 0.0038031726272145547,
			"familiarity": 0.027785663388835435,
			"naturalness": 0.036925237937469775,
			"valencePos": -0.024986084197696275,
			"valenceRT": -0.058013929791109003,
			"avg-conc": -0.06842016594432132,
			"noun2-conc": 0.0587230766491689,
			"noun2-count": 0.2758266742015679
		},
		"literals": {
			"figurativeness": -0.06955035343469206,
			"visual": 0.0145350016129398,
			"auditory": 0.005183262417683964,
			"imageability": -0.09343473395345224,
			"familiarity": -0.14103354397416815,
			"naturalness": -0.0801185543657996,
			"valencePos": -0.03973453799903511,
			"valenceRT": -0.13859933068962907,
			"avg-conc": -0.029366515260703868,
			"noun2-conc": -0.015759529038267852,
			"noun2-count": 0.31120520465662777
		},
		"sets": {
			"figurativeness": 0.09913721833282013,
			"imageability": -0.09044368545389803,
			"familiarity": -0.06064036512190887,
			"naturalness": -0.08029530123960668,
			"avg-conc": -0.09768631479230211
		}
	}
}