{
	"neutral": {
		"all_labels": {
			"figurativeness": 0.2304702893359968,
			"binary_labels": -0.280459514750306,
			"visual": -0.041813121983333784,
			"auditory": 0.03955800909624008,
			"imageability": -0.27320134906615273,
			"familiarity": -0.23731609111644325,
			"naturalness": -0.2369090539057494,
			"valencePos": -0.04606364107382814,
			"valenceRT": 0.06938529666298568,
			"avg-conc": -0.15819494396856615,
			"noun2-conc": -0.04526227933990703,
			"noun2-count": 0.10073015417253738
		},
		"metaphors": {
			"figurativeness": 0.01251143407044818,
			"visual": -0.032570845893959,
			"auditory": -0.04095596798099609,
			"interpretability": -0.07158312426073524,
			"imageability": -0.05168238116115399,
			"familiarity": 0.006370293332665082,
			"naturalness": -0.01843445261369036,
			"valencePos": -0.0656382533120272,
			"valenceRT": 0.10084417167651619,
			"avg-conc": -0.17495573471051698,
			"noun2-conc": -0.03595966943042534,
			"noun2-count": 0.0800565819480912
		},
		"literals": {
			"figurativeness": -0.04660971636895832,
			"visual": -0.03988836849413549,
			"auditory": 0.10530149298513788,
			"imageability": -0.2019813845487092,
			"familiarity": -0.16581211560092957,
			"naturalness": -0.06823359646514163,
			"valencePos": -0.08536495582211144,
			"valenceRT": -0.0468905062054311,
			"avg-conc": -0.11075942081616434,
			"noun2-conc": -0.03939933470098705,
			"noun2-count": 0.12358254730743141
		},
		"sets": {
			"figurativeness": 0.05597473481141674,
			"imageability": -0.07165298555032591,
			"familiarity": -0.06564240663431802,
			"naturalness": -0.0557897387291627,
			"avg-conc": -0.07446855362567516
		}
	}
}