{
	"neutral": {
		"all_labels": {
			"figurativeness": 0.3177195173335266,
			"binary_labels": -0.3568133749691907,
			"visual": -0.011673195160742363,
			"auditory": -0.011017529962720742,
			"imageability": -0.3216963836246637,
			"familiarity": -0.33871003922413445,
			"naturalness": -0.32543035836662515,
			"valencePos": -0.006391056695173064,
			"valenceRT": 0.1343912334298768,
			"avg-conc": -0.15310940329573355,
			"noun2-conc": -0.028174539097040777,
			"noun2-count": 0.03552629440083813
		},
		"metaphors": {
			"figurativeness": -0.004017263780903772,
			"visual": 0.006689603974740223,
			"auditory": -0.013381899697724124,
			"interpretability": -0.07085484034931364,
			"imageability": -0.10113625817132232,
			"familiarity": -0.050306847266995296,
			"naturalness": -0.05640269921371823,
			"valencePos": -0.05895423073344947,
			"valenceRT": 0.12301323678676128,
			"avg-conc": -0.1517187487504129,
			"noun2-conc": 0.019883328880251138,
			"noun2-count": 0.08205657872969878
		},
		"literals": {
			"figurativeness": 0.03975935404273757,
			"visual": -0.02047376651354498,
			"auditory": -0.022895132518481232,
			"imageability": -0.1449986011735606,
			"familiarity": -0.24639846861673612,
			"naturalness": -0.10361530769058708,
			"valencePos": -0.0334536435750915,
			"valenceRT": 0.06648958051477553,
			"avg-conc": -0.10331059500271055,
			"noun2-conc": -0.06724420782681027,
			"noun2-count": 0.0035150312915450408
		},
		"sets": {
			"figurativeness": 0.03818786953859631,
			"imageability": -0.06512837059162038,
			"familiarity": 0.06471928895416823,
			"naturalness": 0.04236428734461336,
			"avg-conc": -0.1263795894327054
		}
	}
}