{
	"neutral": {
		"all_labels": {
			"figurativeness": 0.08621199260868996,
			"binary_labels": -0.11986018728320223,
			"visual": 0.08592322174803967,
			"auditory": -0.07262715938181426,
			"imageability": -0.09209723406013498,
			"familiarity": -0.131611367570833,
			"naturalness": -0.10347549737207085,
			"valencePos": 0.0007676336990041153,
			"valenceRT": -0.09847436309211807,
			"avg-conc": -0.06093465603264015,
			"noun2-conc": 0.020359262354376764,
			"noun2-count": 0.3064491531933004
		},
		"metaphors": {
			"figurativeness": 0.032784205374182744,
			"visual": 0.10424575953021711,
			"auditory": -0.11840886415955386,
			"interpretability": -0.0801351776964036,
			"imageability": -0.01431951341999986,
			"familiarity": -0.021166485129887443,
			"naturalness": -1.3997824931221499e-05,
			"valencePos": -0.02739414196803198,
			"valenceRT": -0.09670490383343697,
			"avg-conc": -0.051062240531611736,
			"noun2-conc": 0.05444495174878383,
			"noun2-count": 0.2428891090572104
		},
		"literals": {
			"figurativeness": -0.08945154562763231,
			"visual": 0.06801393293917947,
			"auditory": -0.030336084732326355,
			"imageability": -0.018637575278119167,
			"familiarity": -0.08957563584925987,
			"naturalness": -0.02113867824615548,
			"valencePos": 0.014203601106042485,
			"valenceRT": -0.1389188641162119,
			"avg-conc": -0.05324959680695266,
			"noun2-conc": -0.010614577615926558,
			"noun2-count": 0.37553436733515705
		},
		"sets": {
			"figurativeness": 0.01965981375334199,
			"imageability": -0.1099345729506213,
			"familiarity": -0.1571379119372977,
			"naturalness": -0.11265246209194278,
			"avg-conc": -0.0918694138583489
		}
	}
}